,Id,Class
15,0I4ZVvngsAatm8fzD3pk,1
23,0NyfGXt8nmlK72Q9Irhs,1
29,0S7z4qxYTHPUDO8fgIyA,1
30,0SIqXMkDBWKE8s9pQaOv,1
43,1aAwe4J9VHrsq8uEoZhf,1
44,1AXVt0D9mSU26fL4iFGc,1
49,1DNWriJEg56S03yvjTBu,1
51,1eJx34l8pcAFvMuOwrjB,1
56,1hK3zVxBGXmtTP6JlHwb,1
65,1mStzMaQ8RUVBx7TkF4o,1
67,1OHzGWXBTlpyVsIPK3kj,1
70,1q92fF8uKHitWlaIkXzQ,1
76,1TKPznCeQg9cHYflavwb,1
78,1tzCLRxMuGS0yKI3lj8c,1
115,2oyTpmYF4tSuBH9kXQc7,1
124,2SnRYbpqifxILdT4Wg9m,1
135,2ZPDI3tv7UdhkfRWu54L,1
141,39gowdFUK2kGxcBnbALH,1
168,3LOYzcPQdE7yresjlXVm,1
175,3PUsV4jflnCw8mGHZIgK,1
184,3X2nY7iQaPBIWDrAZqJe,1
185,3xhmsIkdn7FPL4G9a0Qg,1
198,4bEmQThjKsiSPcFfzv1q,1
203,4f91UESFtRDrnLdyZOCN,1
220,4n5LKPoBHSyfNz6iWJeQ,1
237,4wIxhDlpCbJVkZLfHKtP,1
240,4XEdp5nArx9TN3qZ62kf,1
244,50f7jCS4w3hED2ueRosN,1
259,5iJsI0VCgF2D1Gukdayc,1
270,5nPbr70kNiOSQGZmL8IH,1
275,5PIwjdM6ROvnbiN9Dx0a,1
306,69jsYQMcGwzrBLUPRb5e,1
309,6aTHENeI5PBYgzJndM7V,1
316,6JckVCSUd5azvlGjBtbu,1
324,6pvAOQCLGgPa1EKniNW0,1
331,6SHqMnAlwd79OrYL50Ti,1
332,6slf2AGqxWCP53Z9NuhI,1
339,6TUw1J5DR47dAgmjHLOs,1
342,6w02fn5UqNDMd1tISWKc,1
350,76cGRgDJyFW08rY1tz59,1
353,7a5RVl9htyOJcBUK4rQm,1
354,7aEbXfVnzhG6dRMLT58q,1
366,7IrpXlvH6LOStVaewBPg,1
371,7l4AkQw3Gx8XRcJO1gaK,1
380,7QtHrPMIOSsxAde6wnv0,1
381,7rneDC6Ng10vEPuicRWV,1
382,7RVrih9gAL1FodIKNTc2,1
383,7s4hmScB9p6HZfNFwVri,1
405,8cXfpniBZaYVAzg5xt19,1
428,8PuImCboM1zNrUSD7OhV,1
429,8rKwml3nGVhWAiUjDH19,1
432,8VlJEcmXepIy9RS3GMTq,1
462,9hu54PH0G1qoxEmT7AMb,1
468,9KBhpLPe6o13q0QHMjk4,1
478,9OufdwHvaNyjoQBbePC4,1
482,9tmX2JACrdeGWHkY3fwi,1
514,Aa9zCWtbpOo750IlMRdY,1
522,ADIq5LFowdEuPMOGXVcl,1
529,AFY7KdVJNL9ng4pjk1mx,1
538,AHzQrG8e6qDat3lpK4M2,1
548,al2koZ501X8hjATSLqgf,1
561,APHtWI0Cm8T2yK9ZeBFM,1
570,ASEw3L0HqWMePiy1uKxc,1
578,atyecAsOdg0rzCXHNvxT,1
582,Auv3RhZlU6tXcdDQjg2i,1
590,axVyZFikJAs2RWgrB37u,1
599,B0QeAmgHpSR3Gi4FDTZl,1
614,B7yT9jiIw8OkC3SMlRAF,1
615,B8JrNPWkKaxyn5ci1qYb,1
619,baFEBY4n92ZshpjgdGTc,1
620,bakvuMgD2Xfh7JOTKQwm,1
621,bAPu2lGC9t5NF0EvZU7H,1
629,BFIzDn0r5aKum4ibGtHP,1
636,BhQ38lHiDYTZUVbyonKF,1
668,bpVDY17A6qN8IiHZyBmo,1
670,BqMf1a4lXre5iLzPZh7j,1
672,bQZP8pT9VRCnk0OM2Etu,1
674,BRcPd4zStO9XVsnayUYw,1
677,BrjnTVGRdhciKsH9Ytxo,1
679,BRkJYSwtpVQZ1fj76h8U,1
680,brsxDiLaBgj315Emol4K,1
707,C1OlcN2H8W0YATqZxipn,1
721,C9hHuINUVJqk1zo5pTQX,1
736,CdBnaqstfPMA9NXroOJh,1
743,cGNfA8C9wh1R5grDKQjX,1
744,cHnxoFJRgXl4GSMD6bLU,1
752,CKrbqFAcTZ76hV0sz1jR,1
772,CoRKPEY5OTu7B0NUgAvQ,1
777,cqGxW3T4aujrSBlIEzX9,1
782,CQwNADZxFXBh9fUlOuao,1
787,cSEgrupo7tj9hLIb54PX,1
806,cYIil3ZrukB1pV8Uzo2w,1
808,czJZ9CWIe8B5T1lNXhMf,1
839,DfSa4jlAyFPkXQpTbUoY,1
843,dhFnCxfamsLvkubPZyjN,1
844,dHjMq0s9tDrBS6Fp7TuI,1
846,dhS5TXjYM0yLufrw3xgo,1
861,dLU5WbCiGERMHjS20spY,1
862,DmCaN6PGnJpsWuMcKo8t,1
888,DuejROmZzVTIyQi1rAF9,1
898,dxIuyOrCZ4qhMFz9S5sX,1
941,EgeBpshOLYbwyu0ZdrvX,1
944,EhHWtoiAX4kZp3s7wVUc,1
963,EoVyBA2z0NjdkWlqfMQJ,1
970,ePzxjFayC48I0Xb9kuS3,1
978,eRVLGHqrwDSMx1p8XKI9,1
1004,F1BvgrkuXq6zEfUsHAVG,1
1005,F1Gznj82acfQMmHNRLAE,1
1013,F5nJCOIi49ZHxkAY2bBz,1
1043,fGwEMeBFc0JUlpKHONsa,1
1046,fi4BrAl2QgjNsaubUJSE,1
1047,FIc3eX7mViuBPKTAlCr0,1
1050,fipEGw4uPW2cTnos7vrM,1
1055,fMeAgYJFGl8HSPm7uzEI,1
1061,FO8AGC1wIeKXcaH2gnhJ,1
1065,FpbBkjtGeV93UvlqCT5f,1
1078,fRGWEv9TLIUOnhj0YV35,1
1084,ftHnLEAd5NPxpiybvqaY,1
1085,fTWrspAEHwnNFdCh57oV,1
1090,FVmO980BKzIHYiGUscDx,1
1097,fy0va8HcFThxnBX5UMbE,1
1111,g2pvrdbPVLKz408xBXef,1
1113,G37jI5Fu8YEJVgWhiKCQ,1
1121,g6ZYW8n9iJToNFMS7QAy,1
1146,GFVUryQSjKEPM5pqs9h2,1
1155,gihQaFE1TSuWw3BCcAt8,1
1172,GmEAFpP5ZO0suwaNIeqx,1
1177,gO0h7udtqs4yaXNQAUPM,1
1178,GOPRE6b1ypHhFWoAVgKC,1
1189,gQmxCDohy6pJUcSXrFPW,1
1190,GQPk9p1ZEICdOTcxlH5W,1
1211,gybTWSU3EjBGpCVI1JA4,1
1212,Gycu1WC5mE6BzMl2ArD7,1
1239,HfX6SvZPi5ImYgh2RkBW,1
1249,HjhNmc60tkrMRQZ7Po98,1
1284,hsbekymnY8oqAfL3Pr0O,1
1289,hSzLbFyUMc7Z2NCAd4EV,1
1290,HT1oyBYIg87K2kPuaqEZ,1
1321,i7pqWygtZDQLmHX9h3lx,1
1331,iBNlQ3bYzKr7R6DCXp2F,1
1341,iEQqVxmbcTeIASF5fBjK,1
1343,ieywoN1csjbd48IgVlqM,1
1362,imqELVF2Hf3ZG1tgBAov,1
1372,IPpdskJlaGev2MYSXnC0,1
1395,iWScf1VBXaT78d5qDJFY,1
1404,iz2uT5qrtRNcM3IJjAhb,1
1408,j2IBarGQysHh3Cfz6M8i,1
1433,JEULek2arB86vPXS0lDW,1
1470,JqMnmvEYlKVfw90W6btB,1
1473,JrFfspKABcSqx2zmTnCg,1
1487,Jt3kj7AHvPdRfL6yCh2n,1
1488,ju23GQl4DYFVeNwc85ka,1
1490,jUK5O9P6bJSAiMD0ofQy,1
1491,JunATHDXOfYZFlRpahV1,1
1495,JW5KOAExTVe2qH3kM4SD,1
1498,jwzRSkGXbLEaZMsguQc3,1
1506,JySEQsbmRtqxuN2D5IYO,1
1510,JZxp9mEVqv81h4s2YkCD,1
1518,k3Gv04b1HUEMmrPCJAct,1
1532,KAGfZUyown7ieqDOgBYr,1
1549,065EZhxgbLRSHsB87uIF,2
1558,0DbLeKSoxu47wjqVHsi9,2
1574,0GUIi7xAlODwZ4YBenNM,2
1601,0PREAmkFZjrftD3LiwOV,2
1610,0uZcAvaHLitbWmC1QMXf,2
1611,0V6UmdMg7wQGXslAzORJ,2
1620,0YCvp8xd4rjiDMKFV9PA,2
1637,1BDCxE2AMQN9yH6sWdIo,2
1655,1GRsOmJXetEkqIraBuSd,2
1684,1T3m7BMCLXpu9JjyKH8R,2
1691,1vQKJIkiBaTVxc5uYCZW,2
1707,25jQ4xItcnbB6Hfo0E9T,2
1716,2bf65CdkZTUGXjzq9KNJ,2
1720,2DbfJX4WgzP0R8BwrHyS,2
1729,2gMFLJAaNEkx7oWRwl54,2
1737,2kjJp4LQZsyxwquaB7WA,2
1746,2NYAUVgtXPpbJzRQO7Cl,2
1747,2O8w7LMDfCgRhnvNuetV,2
1789,2zUdQEyv5oKARaYGxhXk,2
1811,3FNOSAujbRIDnZqhmeMo,2
1839,3RrCi87ovZ1Qw6WuygGB,2
1849,3Wi8BgsVyjH7oKbEPq9f,2
1868,49RfyxpQP1CzvneWIG5q,2
1870,4CLQnNRbyBDWOaIMFog7,2
1879,4iD1ec9BR6Mghzm82yqs,2
1886,4jVLlkxAIGvb3MBzDYHc,2
1929,51NK2bWwuvf6rH7RTCPk,2
1949,5CQsuk3ygnTmHKEBDbzZ,2
1973,5MjiBxhL0nSvV9CUedQI,2
1998,5Xc0iAYjsG7ugxrZNIoS,2
2006,5yeOrl2fKasq6BnStQ4G,2
2012,5zYVF03NXadb7Gv64PqC,2
2035,6cJ4OV1TGifn92SCPNEA,2
2046,6GbjZn4wEtWSkrJUzoVc,2
2053,6JOiKa5LrAtu42TpY7kI,2
2109,75qSAohLWYb60Hs24NUF,2
2125,7eicxTZ3pDPf65O1RLXg,2
2135,7iQNYb2mIPzy354RMLX6,2
2137,7JjQBd2CAyvtgYlSL0e3,2
2156,7qY2raQ6izp1KwGcsdyn,2
2163,7T49Xi2bgMIxcAQKdfky,2
2183,81BI6Ky9bfr4CL3TUkFp,2
2191,85Mk6byWNR1wCETYisFp,2
2196,87Cf2go9YulDiHEyekaS,2
2211,8F32X71gy4wZrtvmNA6d,2
2231,8MSg6ycte4mZsOQL9bVN,2
2246,8rD4bFYzXTVB5IPH1Mdv,2
2247,8rSBUFw4tsPubz672vET,2
2259,8VGXzLxvhH0qIltWc35U,2
2263,8XwCLB6D3cMFWT9dtKSA,2
2275,93lsPQvIXLHNfCyY2nVr,2
2300,9gBVZNKoIPkFM8vOp45G,2
2302,9HAkGKpDrq6hecQZysNd,2
2367,ACTK9tVJunILfsYrwyFh,2
2370,ADeT217ZFlhNGQJV4mHk,2
2372,adrSTjE4bxs63w0oQR8U,2
2379,Aep5gJWMNi4P2OLaIV7S,2
2418,aM6vieFrUBwbg8PdWp27,2
2419,Am7nEVXHePkCtqsdfzG5,2
2420,AM9IXU1wJ5PHfNqoVyxa,2
2422,AmtQlj9uTKxJdONGWca4,2
2429,aOtVNG6x3empWgK2Zcyd,2
2434,AqwKhntSpCI56vsH7WZe,2
2448,aSbnYdE1tq0ivTpCKzFs,2
2473,Ax7iuDgF38YaQMmX9wVG,2
2512,bcPYJlirNt5k8ye90UOE,2
2556,BmMDeyRaJzQ39WPK2VIs,2
2566,bpIA0CvVdmQcEB2oisqj,2
2575,brNWoe6SZBdJPw83YAuj,2
2637,c5spxZQXILnKO2ywiNSB,2
2655,cARj7FrG15WHEQikbmBU,2
2685,Cgq3TizwBXpnk7b8a5Qs,2
2690,CIJ1f70KSNDz8ZyoRFEH,2
2704,cN908Z6lWsCeQT5U2Kvh,2
2714,COntTlwPvaG3p4hMSJqI,2
2717,cPBMG2HuL1CaNgbSE8iw,2
2732,cqZbg3S1xV7vfUCudmks,2
2738,cRVOyGEn15HNAJClPU0X,2
2772,cyuBTQ0SUwpF3jfPeLiI,2
2808,DaL5EU7cJxGbqos4Tukv,2
2840,DFswkTNWm6lStz1h0Mup,2
2847,Di0ceNElhvZrdMRgbyYX,2
2856,Dl76jatFczZmsKedJ1TR,2
2881,dro7GYJlVhXbT4D1SpCE,2
2885,DT2t5JMrWnp3gmuhLBc8,2
2894,dtyLupxMfEQVX10JwvWl,2
2906,Dvs1tiIfjYZJcV0dT2rS,2
2919,DYifKtF806I7JjkLHZgP,2
2920,dylV8BXRwaktCjHW1o0n,2
2965,E81Gh6njYcyxT9UtPK0u,2
2972,eBDOvM4fUQmy0XEhracH,2
2978,ecFS36DyA9qlifz0NCub,2
3007,EIhBgus4WSiDFQney0cp,2
3021,eKRtEmTYVj5ZSNWMdcig,2
3034,EMK2iukONroQXYWSv547,2
3039,eNhamfpF47A0WXjSiTqk,2
3052,epR84xcmivMYAn0Nlkzh,2
3063,erlwZD3QgycGvFXsMpPd,2
3065,ES1omtPjaYebMi0JvOny,2
3068,esPBa5nQFc0qIyZ3VMhr,2
3072,eTQhnbRXam27Kwqj1MUy,2
3107,f4jUEqOubyIYo3Fa0PVC,2
3121,F8bN6Gx0wTRZWsHI3XLO,2
3133,FCVlU4vTjmHoun5QE9s7,2
3145,fe9snrXGxKw1L28tDpRv,2
3154,fGL0FWUZNaCElQ8nIiJ3,2
3171,FkThbmQlgnjGPdV3p8vB,2
3174,FL235qiOsXfm9WlcCgzd,2
3209,FqXM3PGfdhTr0xgj7y4R,2
3286,Gbf4Z8pqFsrxyKVQOcWg,2
3320,gHUeRsYtFl4BaX7So8W0,2
3337,gKvtaoZ7Lkl1V6yxq3Fc,2
3409,GzjL73seI0uAmZVyYtnw,2
3433,H7CpUha5E4m9YzjxD0Z1,2
3435,H7tCOwf5rzSluXiGsx8W,2
3438,h8VyAJq3RfgoQIciCT9u,2
3439,h8wnNSFs62cI7axUq0iK,2
3449,hbT9ltVRQjau5nNFYpHM,2
3454,HCbgVZFI580OxptuS7sm,2
3508,Hostb5jC4vASg0GupIZl,2
3560,hZfoeEcsTJRnNLlF5wG0,2
3562,hzrQCyf6qP72XZjATuBw,2
3577,i4f81CyIkZtEprWaOVRS,2
3588,i94Kjy8WADbQIuNOktdR,2
3610,iEDwlh1scqnJ4aeRTbQ7,2
3614,ieI35JrWTM0KhHE1glbG,2
3648,iK9ovZhBJCDH0T34dtI5,2
3655,IlXfyiMdJ3wSO4LNbKCA,2
3687,ISEbDYCrtqnGOPg3Qdzh,2
3692,istyYHpm3WofMQLX0KBq,2
3695,itKaznkWYBjsPd2obgJq,2
3696,ITPGq9AXn4EZKmYeFpuB,2
3730,j1wqtQ9vlpxD5LMr34aG,2
3739,J51yVcCbx9LDM6ZlS4Ud,2
3743,j6gIME8eK4T1mn9PFqhb,2
3744,j6msrVaoBEJ8cWxgZeAH,2
3756,JBhPuigxYtENMs4yToa1,2
3758,JbpXH0NYnFwIrzd2fAoW,2
3806,JhSGQb9mvEYIXVd0z8U2,2
3822,jldp5PK6gw1O9t0o7svm,2
3837,JO58MAdl0WiuFk9zhspH,2
3843,jpdhY15v8mkeftGiF4VA,2
3847,JQ7wRLlnb6WqEkd28mgF,2
3867,JUKui8IlmdXj7DVLn56e,2
3868,JUO3pfywZnC4e9xHLBMA,2
3888,JyABO1D3n0kxMLIWq25g,2
3897,JzTXaNDCqKGuiEvrHOYS,2
3899,jzWGYQn7q2fuCKNcUpAx,2
3906,k2mxrqNg1JzRiVsIbytQ,2
3910,K3BiLDx5eFqoG2tETujV,2
3913,K4hfUQFEiTBqIPauRYdp,2
3938,KBvLr7Tk8OuoySgdA6eY,2
3985,KM7grcA6yBk1J0CmaWiP,2
3986,KMAcej7qgX5u9RbTUZ0x,2
3987,kMAlu9InmCyvPpEDL46i,2
3996,KNlAmtEIizBU7X5H1PwQ,2
3997,KNP2ROq6J8YEcmyrtSjV,2
4006,KqEgONxfHdP5lLaBIGQk,2
4011,KQwj9O6dlPxNyf8zW0gp,2
4017,ksTyZ4jN21lBiC9UYOGe,2
4056,0hZqVRKkw7GfMdpalLiN,3
4069,0K4sTCLtrIJ5SinQbe7u,3
4102,0SHJ2aOnMCUGdLZrTQDV,3
4104,0sYDNzwVMaWE2TIZeA81,3
4142,19lTEvHhVDprkGxgXLcf,3
4151,1buWc2A0VeMrkNpohCPy,3
4160,1EisIfzGOTX8hKaFH6uy,3
4178,1L8Wt9XTV3pInwaqiobG,3
4236,29FZvBJyX0GbnaLAYeKw,3
4249,2ECqL8au6iS3jNJDoOdn,3
4252,2EgZDWKnJV3Gz4TkIiYU,3
4258,2FfmJdWv6RrIjzYhaKZ1,3
4282,2mZqzjspRt5Xy4B9f03L,3
4338,3b7cK2nPtTHIQ658wsYk,3
4371,3kpwYGsKyF8HlnjDm6aA,3
4380,3nqel6RATDmiaQJwpZCz,3
4391,3rsuE2CHA4WG16fQynUK,3
4398,3TDhUPRqnKiQ8VpB6oCY,3
4411,3vG9FbUS2P8Xcfsj4WLw,3
4412,3WPEFKHwX1DLBI4bzAM7,3
4417,3x9R8E6Gv5JhDda2eoq4,3
4422,3yitlJFLwPhTcNbUA2aS,3
4448,4augeM3l7UKbHc6ITnOL,3
4476,4InZfrkMYP8UQOaevoK0,3
4491,4NnkJueQdl9yX7ITwZKY,3
4493,4omjpRdNPCMSfxi3TyEA,3
4519,4vr2yUw5PiEgN6BaWRho,3
4522,4wrp1jESmXKUAvH5s2aR,3
4530,4zB07s1G3KjqYibEO5J2,3
4554,5AycfmLjIp7NnvgS1JYW,3
4557,5bNgRzHpdGInuxjQBvFt,3
4604,5NMDYGWr4mKFTIk1fQUH,3
4637,5xzWZR1OXkKjBTtPYVai,3
4644,60C4Kupa7OAXWcjTQIqy,3
4651,63vS2seA0bRQhG4fugWE,3
4654,6a9QCg870OIZxrEmqK2l,3
4685,6mKG5UgpFBOYCdR3Wz8J,3
4690,6NCw8nF9A7fUzYLyJIiD,3
4701,6r02dN7YEojsfTQkzlGh,3
4754,7DU2vQMzELbKx3tBjg9O,3
4780,7lYJNX4TjapibMyvd9sz,3
4791,7oKB6OiGX8LStVwnqlQI,3
4808,7Uzm5a3KiuTxZPWt8sRb,3
4885,8mAqS5PYhyIwls9t1r0Z,3
4886,8MFRorIPmY0iKq5Wz4xB,3
4947,9dYh3wO2WUFAH5f8VyKQ,3
4951,9FfKH0kuryGZqiTmglh7,3
4952,9fyAiTPMpZvqX6Khnb7V,3
4976,9PjuhOrlRqxHeQcEBYMX,3
4989,9SOPAylKjf2HnxEhRC6I,3
5016,a29m3nUocvzC8hBOWkTL,3
5024,a4lrvUoF016MZ2m7dczE,3
5032,a7Niv6pD5WPycnQK1TZ8,3
5036,a9qc1ZCzupOiSsjHdx8e,3
5038,AafDoztH3lGEhknjFZJM,3
5159,AtMdKfnuLBgoj17xEsqY,3
5163,AU1Y7aLp3ryXsnWN6oHQ,3
5164,Au5EYTxqCHhdtjBXJfsp,3
5187,aXRV9MqCorizGyKJUep0,3
5190,aYOGVixvL1rIfUSjBtQq,3
5238,bB4ZncTErxm083fAs5HL,3
5264,bfkwFMeNh1t5dCjuyROK,3
5266,bFwlXdoNrsPiWEkZBOva,3
5300,Bm1b7W65puvrLdECVkay,3
5316,BP1r4aHtfY2evFbukXZL,3
5332,bQoNdlu0zvWihMaDkZ64,3
5348,buhAOQaykEJtsIZoWjBp,3
5366,BXKmeITqa7cfsyYEdpFS,3
5429,C9v4X6YHwZkNh0GmUiTM,3
5452,ceyIk4f0BRUiar5bLJ8l,3
5477,cikBKN2eQY8WXfCHvnI7,3
5502,cmB0E9b6iIOMK8kU3nrg,3
5519,cNqPy69uQHgF3DOU14G7,3
5520,Cocz51rsXakGETheDUbH,3
5526,cpdsREmet3FyD1oYZVIn,3
5544,CrEMlOGaB6feRx3J20iP,3
5589,cXp7BCts2QybOiNEwHzY,3
5603,CZvcR8GBrn5JIPdtqz1Y,3
5632,DAa96Hpgn1Qfjd2mFCrE,3
5635,DAr5hm7i84gJzEWTUoeG,3
5645,DB8EFIgyArxWuPN2jXMf,3
5688,DJ1XTklKAM6d2YfigaQb,3
5699,dKem7Eif3McSwNx4CXvs,3
5702,dKt4HhezElT2nBIP6c5F,3
5752,dS6yJEktRlWQsBaIFYCp,3
5817,e3HSBfTA9MXzhEN2qIpL,3
5835,E7JvkZyTKF6fhWBUrosV,3
5852,Eazj0IX9b3PmLoA7SHg4,3
5854,EbBqJ7rOtZ45nIlxhKfc,3
5879,EGDX0iWUK8h2jT51sFvA,3
5881,egFM4CjVl8Bz5pbN1Ux0,3
5896,EI4Jgyofj8CHR0ts59Ur,3
5901,EJexdbnNPfwsgUp4GCQD,3
5903,ejsbn3tEcUuJAqhpgiQx,3
5935,epLtlBgqxYo6VuTAwf2n,3
5954,ESoHvWkbZ4JgwzlFK6uA,3
5969,EUsYBObJ58dXKutacDx7,3
5971,EV47jvH9kYtBwocrbJ6N,3
5977,EWhzrqv2D3kBYb6SKpUl,3
5990,eYCKNDlUQgs6cZOuoP4j,3
6020,FBJC0htji5egyV1RPnHS,3
6029,fCyAxOnr8lFhsXuNeEkt,3
6042,FfvCzj8YXUbDsLVARQmG,3
6061,FKxO8J75rj3Cs1od0yTX,3
6076,foaW2s9e160A5kjJVcKx,3
6099,frcDlXdshQYGCyKa7LjA,3
6100,FrfWM0OlI5XwyoQBnutV,3
6107,fsSkgPTQNj8LKbvAZMtG,3
6113,fTQ1XmiFekwZsISxNzlR,3
6132,FyIcXN7Z6SQojdgntUD9,3
6177,g92uBMP7wqGFvszXjQot,3
6180,G9MXfcb4iVKa3BeN1SLg,3
6200,gBX47iCvYrZVDqpHeAab,3
6208,gCJk0uacmvlBAosn74b6,3
6210,GCoiXh8BY0Nl4jO1P9zL,3
6227,gfJpq3sVhzbLdNjWC16Z,3
6246,gIzJEByY4vpkSQcZPH2C,3
6294,grOUwuRlHBySvhJF0nLP,3
6297,gsHjJZv1AGPzeofaBqVY,3
6331,GWUj9COuPeVEqM7TmlKs,3
6335,GxcE1XCeU35zwFIy0ALN,3
6356,h0VaLmr69gdOiyRwStZQ,3
6357,h13m9RvHr5FdnYkiS2yL,3
6359,h1gS8bA0I3xJoX5zVZ7U,3
6384,HatR5OEDxJYmzrQqCjAl,3
6387,HaviCoRtOlz4spd1Qx36,3
6394,Hbpnmseqw4hRxokOElPU,3
6407,hdmGkzIWx89uo1T6PCXY,3
6440,HjgSxn8pJ2ITBsmohaLr,3
6448,Hks26SvPR94LVbTMGIDW,3
6458,HlukEnBqpOFY4yLPUtDe,3
6478,hOtXLq9on7svPe4NTpAd,3
6506,hTOJKwgGvBxb3dS8e9cn,3
6508,Htw4uoGKsN37Dne5ivEP,3
6538,hxJ5t2iHX7auyMUEQ1Tg,3
6547,HyITQWvZXan3zBoDpCA0,3
6572,I3zcG1EdgynLPstV7bHQ,3
6602,iBIGzWL1AFKxqUrjo0Sg,3
6613,iDHxeowbV73huM1G9OLj,3
6620,IehXbMUBZRNgHu3pvAm0,3
6628,IftFXWmh7B5Alnxy4DbJ,3
6640,IhL9pebrmGl71FXCkyQo,3
6658,IMDytugVJLdx1jbRkCwH,3
6673,IphOGU7e9aVLo1s8XkC2,3
6697,IR9gtO0weU7DWVqhJryu,3
6698,ira26FLCvbOlw4jy1mB0,3
6706,iSDOzmncxkoV39KgPQLy,3
6713,iu1ljDsWoZzIU8GOdNmA,3
6740,IYFTBN6LCn7SEQgbPOaU,3
6793,jBuKaDNdCeyWLkElmpSo,3
6804,jdqclF2YAsm4LJwZUxPN,3
6814,jf1ACezG8V546aklihHu,3
6886,jpzob9ECS6aLQDiYWTkV,3
6898,jSbcLy3rlkYhEd927p0P,3
6901,jtbI230ofwYMxRuFdpzX,3
6910,JUr6yTFW3ExqApBt5S2z,3
6927,JwXPAuRDQva5FYe8t30z,3
6929,JWZspDnaHodqzRly0fMg,3
6931,JxGT97ynUebwfFQZvdu6,3
6938,jynSzuQrYfI7eGHWKmPZ,3
6962,1bL4yiwCUvSOg7tBJudf,4
6963,1eOaAY4fpV38LIdhxl95,4
6966,1PQFYMSBLAO9TmKk2Zhj,4
6968,1yC7BzWHgtI2FibhQ0km,4
6974,2qSURceVYgQEhOFAdPXC,4
6975,2SRWXLQomgJyliq3G6BM,4
6980,2YNFrzjaecyUInXCDVmt,4
6982,30htxi8FRcmfUkInewlS,4
6983,32r6nRhN1UCwtFTfy8ZG,4
6984,32rcXoa5QI1EmxBFS9he,4
6989,3OX0rbks7LQmeDcKx8C4,4
6991,3RiBw0ntobeCh5VEQrY1,4
6995,4AuqM30HyOajgr8SleRL,4
6996,4GUJ7HBXO8I56WyRSMQd,4
6998,4QCBDTJFskOqox0H8XIL,4
6999,4suKxkVWNqFQZLB5UfXD,4
7001,4WaGm3PhidQVRopgXz7J,4
7003,508Uk9z1gvCtucARFWG3,4
7007,5dqijn0zcEPgONTLFRoI,4
7014,5QvCJULkphcYGge78RNs,4
7020,6cYUST29aReytkJO4zXi,4
7024,6gHI9qzDjmLhd4nWS3oi,4
7027,6Ij39ZnpNmcdKOUe0BvY,4
7033,6u25JYNBy8wzSHUjqxvh,4
7039,7c06VofO9jp8dkSIunga,4
7041,7D92cJaF5QIdpA1OEhSt,4
7045,7GsWJqlM3kCt62axD5O8,4
7052,7QrNYCk9O18JlZWgxmwE,4
7053,7r4nyOFDRwkc2EgxopWV,4
7054,7W4mwlHBPNdcFaViXsrD,4
7057,8a3GEC7cPKtx0lI6qYvL,4
7075,9cuvUrSgBCIq6L3p0He7,4
7078,9eMPNZm0jOhr1SLBDs46,4
7079,9etf3m1LnKEFTNoSj574,4
7080,9lHyVeXERtIaZcL4kWqM,4
7082,9M6r8hsleUKTmvfB7Yn2,4
7085,9ml614yxaYqeibfruLWz,4
7086,9rYnHZKwqkfS43RQ5JhE,4
7088,9vSJ1dDnwbxl4Fm0By8h,4
7090,A4VuQZbt2oGyOkUcvS7W,4
7091,a63qScpsxBFJtAXjd1nV,4
7093,A8hKH57o1Fj0ZgI4q9QX,4
7094,Ab76U0fJanpo2QwxVN9e,4
7095,Aci3M7yVmTuk2SDgNrRw,4
7096,aeS2NqfM8tWdDKUsQgR5,4
7097,AgSXb01HILY3mVwfnesd,4
7098,AiaszSGJFhg0wbtyR8Op,4
7101,alNJ9v5fdyO2QXruVFsp,4
7102,AmPVn2SGUxg8IT3BDda9,4
7108,Atpz1WjXkcIo7l5TPh9Y,4
7113,b28VuAYhaez0lDPtc6kT,4
7120,BiYN91OHbgmVJnjuDyGk,4
7122,BjrkNJeI9HMb5lOgpC26,4
7133,BVSv2EQDiNfR4OxL60l5,4
7136,bzmIweixPWfjVQXhO3r4,4
7139,C3UeqDSpcyuTg0WsGvZR,4
7143,CEfkRZXa14zAWG9Duqvc,4
7144,CfSF2urLkdAX6MbzQiIa,4
7147,chVqtrzIORSJkCwu2KfQ,4
7151,ckaHuew6QN1dhb07q2V3,4
7153,cM2qiXmpHhuag3r1RUIe,4
7161,cquHZ28hReUoI4aJGKin,4
7162,craPXWx5M90jq1smZoKA,4
7169,CZERL3GtjlXBSK2QidO6,4
7171,D2TGLaizwXHf3YjNJ1pv,4
7172,d2xiVKZe4JTgBQSkOntW,4
7177,dj7GfVSTmo3Hkv46Wiah,4
7183,DMtdk84SP10RYjaZEUxz,4
7184,DQJfl0CT3gvt8pbMqHyX,4
7185,DR3eyfHBIJgK08krA1CT,4
7187,Dri7s2veJT4hj0R3aHkf,4
7190,DSWecTduKPtZNQoVR8qh,4
7191,dYAObu2FDVoXmvTt5UjG,4
7193,E4eSC8pqYdrkWfBOtFv5,4
7195,e7FhuKwUW8LfMA2bxEDl,4
7198,EdT3lQiGHbzmrX2L1NgD,4
7201,eGMTAm0csZLI9QbJpCUY,4
7202,eGwk8W6m4NIzsAaHvfx3,4
7203,eh7tKw0LaQpW2mgUAOVH,4
7205,EKmgShQsf6a9vY0znNlU,4
7209,eOvS6EBmctN4K3guC15k,4
7222,f3QCengcsa0o7KlZyX1r,4
7229,FfmsbQcv6V3rGdDLBNXM,4
7230,fHWo9xSpPTFNQ4bRYgXE,4
7232,fJNIFnjPxKEvHemRBYsg,4
7237,FNAVfQgh4a6k3lUY5ZcK,4
7238,fnHDty72dWwjkXgYqUPA,4
7243,fpiZ6no01V8gydTe4UFw,4
7246,frgtup5NAaT9qRVDj4hO,4
7253,G54U96frYb2CLIOSpMyX,4
7258,g937V6FUYlT0PybHMEin,4
7259,G9jfR1PvIhwMx2Wts43b,4
7263,Gbs4cQpR5JWdFhBIVKHl,4
7264,gC2GsRX3ewpQyvjO0Hb4,4
7265,GeB24sD0kRKbZFrSdpNw,4
7266,GewamPurl6D0Fs3zvbon,4
7271,gIONM8E513LYstAjyzWl,4
7274,GLrQbRUluV0qzahkDEms,4
7275,gmFxGQlWUviPhKyAkoeI,4
7277,gnKi3qo6WbBSzQs2fRGt,4
7279,GP9MBktKncadV1gF7N25,4
7282,gq9cv7lPXyzBDsY8SfVe,4
7287,GV7WShk4vjpiKqbEBgsr,4
7288,GxK7nfY1mOrBNDepqWj6,4
7294,haMeQO6Y4A93ipELGwXF,4
7298,hd13cetC4NLr7TpAYxui,4
7302,hHnpTaPYU4StmeC6yNxr,4
7306,hnGHbT23JFgl9ORqPKuk,4
7308,HpMdj30s7EDPkiFLWvYy,4
7312,i0JrWpyNfu5vV9tzahSY,4
7313,i1OyRUG9mCvIZYD6olNT,4
7316,iaHNVLkKABMznmxDWFZ5,4
7317,iBz3MaqYb0PplxDhgTCN,4
7323,igyFEdlJtGwk8uT2rnNV,4
7324,IH0aSRoevUGE3k9FDhJA,4
7325,ihT109rSABLfdRNxvMGW,4
7328,iKQcpTlzFkgrb7RJyjDs,4
7329,ILTHy6snFQiapuxbXS7R,4
7333,IS5gEHZFc0xpPj86N72D,4
7334,IT8nb7MvO5QZptGjNasH,4
7335,IuDWhwfPcYTK3LBovO5d,4
7336,IUSuf2hBaRG8yrNJqDHz,4
7337,IVk2Scu69wdmQ7tEO8rY,4
7340,IxVpXTyfqWoj8ri7sMSc,4
7342,J0fY3O5lUmuNqVPBDRKn,4
7343,j1lGIRFzMHXnVPZ8DQBg,4
7344,j2gBF09pxTcfIPy4kwJH,4
7348,j3tdbX6HDPxA7ZkBUpvG,4
7349,j3thgSImoFBZAPsrpaqT,4
7350,J8pdGbHyWis9ToawOIMA,4
7355,JBEzM0ZsuWaDt8bLypPv,4
7356,jBXul1FAgEcKxO9ZYCDU,4
7357,JbzyqeI9ThRA4LWQN823,4
7359,je4HWtx9M5ySpPBO0wgf,4
7361,jERVLnaTwhHFrZbvNfCy,4
7367,jrg4n6P8cIGoSBXyWAtp,4
7369,Ju4nWgOCHXBlyZmTo51e,4
7372,JvHA2RcsbZqDQ5ETtog3,4
7375,k2uRGpoUItiWrTga9ysQ,4
7380,K9kNdLS83clsP0wDFObZ,4
7381,kAQCMqUNsZDoribmvw84,4
7382,KAVHCXZWDib1zxPOqINJ,4
7385,kczYF5vSxW3ZrilfJesd,4
7386,kdzj2p0qHin4fMBCaPF5,4
7387,kei4pRX9ENQaKFsLcOU1,4
7390,Ki1pYrmszFSjuWUvHIqk,4
7392,kjn4yXdo0iLCmZ9GugOV,4
7393,kl6Lw0U7WYT2biJXhP3y,4
7401,l06yuHvrqdzTo8CQeAO5,4
7404,l387nbiI4TU9LNMQt1Fe,4
7408,l5zY6vNZbOKF07uSn2Am,4
7409,lBuYeZUbtHQVsh7Tn2NJ,4
7411,lcqv9STBAX20houtQnR3,4
7413,ldNfaCpceLnGUE0rPzqF,4
7418,LfVY3tPrRZHGQ2SdJm5x,4
7421,LH5pzdDSPOtgIaBC1jWo,4
7425,ljFT1KeZmEiHxhuRbrcd,4
7426,ljuryB4bfagHqV5FM9Ae,4
7431,loIP1tiwELF9YNZQjSUO,4
7435,lS0IVqXeJrN6Dzi9Pap1,4
7482,08BX5Slp2I1FraZWbc6j,6
7488,0EL7OGZKozbiNCVP61gk,6
7492,0MmZ8j5pn2R3VG9wlxYi,6
7495,0sLBvJeYl5UkiRzV1atI,6
7496,0sM2atqTo48GgnFwhQXu,6
7500,0VnTurd7B4YsH63wUGJ2,6
7504,19B6wSHOLmjhGPoquTbW,6
7511,1h7nkscUw5lDurHXPE20,6
7515,1Nu6CWGKlM4Xgi2x9a8H,6
7518,1Skcwz5YxWihMqIyt30X,6
7525,21l6VM9tKEuCUhL7DjeY,6
7527,27V4S1ncC3fj0gitGuDI,6
7531,2e5P1iKzXugGRBFfOEnc,6
7532,2eJq8SOvi1Bs4T9XNEj6,6
7537,2jHV3wyk5aDGBs9SFCvW,6
7540,2nr0GTSxN4zKobZqwpy6,6
7548,387RdPoyKxJIZr1YNcO6,6
7549,3Cb9mdkictPwsSOTKUIY,6
7554,3IZHa2xXVu6KrgNoPd9W,6
7558,3nxujXtip8hGHb6ZQdA4,6
7563,40dBpWDhOUzZ5yVAKJF3,6
7565,41o3zDTReYVFtpOB7EWl,6
7566,41sxuO3ZpR5vAc0Kbjqe,6
7572,496EYbjny1LlaK3sr5Zu,6
7573,49epoGtYixcgnkfwJ2dv,6
7587,4kuxDJlwWHMi5KX3SVQq,6
7601,59P7Kv8cMforuZUpVQnY,6
7611,5YcQadwmPLqg72tvW8iS,6
7613,5YhH9bwB2VyoukplmOQA,6
7619,65cjJpPCUQiLDRyXfWd4,6
7622,69MHIoldGcUTvxEOXJyw,6
7625,6DBKSix3qaP1HcQ8r7uG,6
7628,6Ep5PZ3J09edDNo4ahx8,6
7633,6JcOPhsUjbfXgnoQaHyN,6
7635,6NH7fncljqxP30hOriSw,6
7637,6p0xPcyrDB4R8YNHEsnU,6
7642,6v3P0dtFROb2kyiNrKQ1,6
7644,6wHyQ3DVLMBtsxnhGvmo,6
7652,723C8e4nNUKMLrQZYdpP,6
7660,7oMbW9DCm6tQn5FTRIus,6
7667,7schXvl2FHSujB3aVK9e,6
7668,7sNR0UFCQniz8vbhVpIo,6
7669,7uqOdRfD2MNowsIh3xUX,6
7672,7XNob9FGEw6nCSOZT0vJ,6
7674,7yhwG9NErjks0RDc15B2,6
7675,7zIMcQ35pnFfgE9qr6vs,6
7678,86ltmd4JPQnVozyK37bB,6
7679,8c90RlPJHzhmKp1YZN75,6
7690,8qCPkhNr1KJaGtZ35pBc,6
7696,8WmlQwgVXPJzeT36c0af,6
7700,8YRgqWs2wULtCov0pkT5,6
7705,9DiHIregYkyCL3lzNvtJ,6
7710,9jOk8Tn5JMt4qcXmplfx,6
7711,9kcl1e37zbpLWTPhSoiH,6
7717,9PDzWKXE735IH8V1hoR4,6
7730,ABedwUfPmn9jv5YNbykK,6
7731,AbnCYsqpKWGyQE2vh8DV,6
7737,Af0aS7YtTvMFG5jhOquc,6
7749,AlkG3guJPUcqyBadfMFH,6
7757,apzPxCsQNhElHbFGBLk3,6
7764,AUdusxNDrKT41q6GimcS,6
7767,Auv9HCxOZViJnjMaSIt0,6
7772,aylR8xBNVPfJ4eICGLDM,6
7783,bfcBD4vaOtUJG6K5imqx,6
7786,BkI0DfGqsHhejTp3v1RP,6
7793,BoQniFqe8vAE19rXDy6L,6
7794,bQVJ7HpnSC01EI4PNzwy,6
7796,Br5kJPaoUAEHjGcINVtS,6
7800,BShUIfCj1Z8recsNWYT6,6
7811,bxdM9LUoRTGO4lvaAmPt,6
7814,Bzyp1k9xuJK3nWLsPCSa,6
7816,c2WbVqndpY9mhHXgRTti,6
7821,CDFibvHczSl9akfOEBwo,6
7833,ci6Su0WdoDLIG5vnJhay,6
7839,cl0W7xzTAYj9CEXJkS8Z,6
7841,clCOkQxvBKzwWaPZ5RSH,6
7843,CLJUMfrb1jF4VliXSuTB,6
7859,D34oHsTMkn7vaOWFQUy8,6
7860,D3jQCuyHtAEkisVxw7Wd,6
7863,D5gTOIGAk81460VUqlye,6
7865,d7czUVqJApx6WEj4ownT,6
7868,DcgUNdMzXlah1kbxiYtv,6
7869,dEeZWOx1rz8VsJ94BuPg,6
7883,DNBtPALuVrzM0Cd3mwcl,6
7886,DohL5RXbrCuUNZtM28x7,6
7887,DPE5t3oT6Uu9mZIHNlKh,6
7890,DQ6WlKRIEGM4BF9se1zg,6
7891,DRskLvzQ13yJfr8McnwC,6
7894,DSd3HQnFN7iUAxbYBEju,6
7900,DvdM5Zpx96qKuN3cAt1y,6
7905,DZjhF1wR4cWbKLMsfUQH,6
7911,e5j9ZOvH0tJ6TAg4x2WR,6
7922,Eg0QLdf5AyMFwxo1K37H,6
7926,ejK1lrfCdNmypPw5suUk,6
7931,eoAlNd32LZGSPItn6mTM,6
7934,eoXQqrKilxvJna70cjDH,6
7936,eQVmTuqlHYXLJ6DBCsg5,6
7939,esaXkil2E04B7Y1ypNwK,6
7944,EtTS3Gokxb49ghP8daVf,6
7961,F5seRNPKIpdXGfZCzVcq,6
7964,f7L3tzZJEbS52NTgoX9l,6
7965,F8CeVXzxLhnjo0BHATPZ,6
7978,fljGbXsC06zBq8JZEv79,6
7981,fN41R9SVgavu6tQ7lreY,6
7982,FNcHdxXPKB9kVMnOzSm2,6
7985,FP3ITxh0a4rBOp7lQZ6E,6
7987,fpGiAdaLBWESygDbOq7U,6
7995,furjbFsqkwKzaNxB3RDL,6
7998,Fw3QCzKGsD9e86pgLiIm,6
8015,geWrd0Rkc2AsuVBJESwi,6
8016,gEZCMz90lrmI8cx37FNT,6
8017,gfrQ2UK3LFvRCMEop0Yq,6
8022,gitPaXxIMeKOZRTW2k34,6
8023,giVwn8ERCZrvfSIGFmaK,6
8025,GK590Jem3FA1kspq7PoO,6
8029,gNOcktmwv3FMZ4TH02EJ,6
8038,GXFP0dYvns5NoQtIBECf,6
8044,GZJ3hp4v8AzVB6imf1Il,6
8046,H0MWhBng75iZPVOTNdas,6
8049,h5ZBNR8Ag9YMIdk0Plt4,6
8051,h6O5H92YWwJ7r1pRELge,6
8053,H7Z6WfoCrxzSjMVd04Dy,6
8073,Hos7LWmZR926VO5Kcgpd,6
8074,HPgEAKLnivQmBkXh6jFc,6
8082,HSAm6wFQNzyb4GvscWoY,6
8089,hvrK1mqLoOAniPVSXbQg,6
8096,I2QaRs1y4TmZVLwWCPv7,6
8098,I5nFDOpfAxyK3CStBieU,6
8113,Ig9ZEaGmMrT1lHJhRPQx,6
8114,IgAUSCnimJ8erwFljDP4,6
8116,ihbKdvnE3kJf0oTz8s9q,6
8132,IrkaJzo10g5Vl82vHLf4,6
8136,IThBzvVbMReu248oK3UJ,6
8138,ITuyGmaJlwE1Yfd6UZLO,6
8142,ixEDUaglAT6ZwM0FGCSu,6
8145,IYACa9WBVQESgJTDtfXh,6
8146,iYM4CwymksIGXDHt7uAT,6
8149,J1OuMlSZboYIRXC03jQD,6
8153,J9vHglnKXhiYD4716GWy,6
8154,jAcaJU6eHy14LPGbnDmT,6
8156,jBRENK34v8VzuSOUQIFJ,6
8158,jcH6s8DNVoleU3d9tiZL,6
8160,JflvaIrSi4x0wkjZVN59,6
8161,jfoOKUzAhdHWvuLeJxCN,6
8168,jlOU12YZu5dLceTICW6K,6
8171,jM2ezG5TVpPDmlEBZN7b,6
8172,jmvJqEQ1VNh3ukH6cIRK,6
8183,jQqeMNUahpkbZI18c49o,6
8184,JSYQ5GPfsFt8H0VRDdZv,6
8186,juGVt8nSNeo7OJr2p0md,6
8194,jwJRB9KOeGsc4ME7WXuy,6
8197,jy6vK4hB8Z2eYMFXdkbP,6
8199,jYWpNLrtc2ns0kMizPgX,6
8202,K17ifkYqXgNOHav8uzCL,6
8219,KcfgCTNF3aMdqJ0jyWSG,6
8220,kDyOh6d8WQNTEoxJYUg1,6
8221,KHmRYShqZacoQEOJx862,6
8222,KHtk3pyb0qUlQr9hJda6,6
8224,ki3Fo5dh6yWAqOCBrEXP,6
8226,KIMkclhHJbdsR5218rzq,6
8233,0eN9lyQfwmTVk7C2ZoYp,7
8234,0hZEqJ5eMVjU21HAG7Ii,7
8238,0PlfqyKM1JtYZx2me5FU,7
8242,18te652nLyCi3IrZqMOJ,7
8250,1KCvMqIFUoaB6wfOc2xQ,7
8252,1NiArstKkEmMf0vjDd7l,7
8258,25JcvPNOIBXgSrAEtpUy,7
8261,2gwSoct3BzRUvajVeCLu,7
8264,2oMjFb1UfIym9ZgxDPqG,7
8265,2r0UYLcKCxnRovpj5dlQ,7
8268,2xlhAE5LO8RFfczB6ep3,7
8270,35B8Vh0Q9k4STsiCtKx2,7
8273,37Og0blzE4WYpZ5c9LMN,7
8274,3eHwdBolFKi4PahtXSyg,7
8278,4c3h7j0QyqIgnKFzA5vR,7
8279,4EB7To6p1z8FAQekCjZi,7
8280,4Eo8QvuZFWCBR6i0rhs7,7
8281,4fYojiJ3XwcILTA6KlWu,7
8282,4wv86XGCOkUWEAPrJtDi,7
8284,57aolZC6XSxqr2HiGsfV,7
8287,5FyHhsqWCcxTkAS7wVlD,7
8290,5PBvwNE8sCzm1bjUlf6A,7
8291,5QjzywcSG4XLhNRt8unq,7
8295,67LFYMBVhdD3Jo2UGRSX,7
8296,697TFDm0KRiZIgB4pJG1,7
8299,6CbnMfItA5py0odwQjPR,7
8300,6cylqphx5sHCm4fYBEdK,7
8303,6McvAWZj4285L7XPrwnE,7
8306,7cx4QdBWg9wMa2pvOLuo,7
8309,7h32P6rADjMVEQuoOJIB,7
8310,7KqfVlEBOmr6tTQewNG8,7
8311,7ptdL0VO1BzPlWXnGHwJ,7
8314,85m4HMaLjpTxtlovqZw0,7
8323,8QqTlOsYx5oLychRPgX3,7
8324,8vLGE0QNUBHaK3dt5hyl,7
8325,974hJRWKfvXaTtNoqMGl,7
8326,9C7P6vDFXbryOshpKcfn,7
8330,9XRnlJD64Wzy3gNUhkMC,7
8334,A7g1E4jMhaFSwliBqHnX,7
8338,ABDGLcYxIh1efOnq98vg,7
8339,AcIxJCZRTFUpaHove6Qf,7
8340,acsNRgv9KxMnXAE2YSI6,7
8342,adxTjKLeEt0HFnUJq1BS,7
8344,ajpIxyzuMmAlJ9cw2HTY,7
8346,ANPyxi13XKGvsF5zlQqW,7
8347,Aoa1lgwOyETuRGsIHCe3,7
8350,AOVMlEpXa3N2Tj581QGc,7
8351,aQUM2OeWo1PwkhzsXv4x,7
8353,aUufGnCVsQDZogv7wHiN,7
8354,aXbDi405xeqQynl69Yk2,7
8356,AXvM7mlBfJ8eHVDcspNz,7
8359,BCw58jIVumFW43RExqJk,7
8360,BdonVvH3SC2IFgc6NQTh,7
8361,BdZYrUSpnXvyITwgOi4H,7
8363,BEDxazQfwP7s615Vdvpi,7
8366,bJvcld8YQ9OxDAnwtSfp,7
8367,BlFYTKkD0S9Ox5vU84X2,7
8368,bMyP6iXzCaWhKGVZFqnl,7
8369,bMZdDnzxyquvFwS8J6KI,7
8371,BPecs2CSaTIjW3ExVlyz,7
8373,bRoM4EpjukSGXwAlZ6zn,7
8375,bSKx5RYr13dPteiJFgmU,7
8378,buqKNv0RSThA9sF51MZe,7
8384,C7zrE8PH5XKtM4n0uYkT,7
8385,caL7sn2qd4JwxlrpR0BP,7
8387,cDa5BKpzw9GqnArQfZ1L,7
8391,CjRMQY0S6LdUWNGaExPJ,7
8392,cL0AkjRPF3NndlTDxe1g,7
8398,cRsXVg26e15oik7JNjE9,7
8401,CUw6LiRTAg0ZVM8X4p3P,7
8404,d0jkP2OD83C4AmzKtE9g,7
8405,d4ABW7XyvPzItZuoQ6MT,7
8411,DbAU9EVq0yd2C5cw1ihM,7
8412,dBGtYCewZ8IpWsUmyNQV,7
8415,dEabFQq0yznt5eID378R,7
8418,dkKpMxca0OQmUTFq7VyD,7
8419,DKs0lpax9nB8gS3XRuEb,7
8421,dLKYot9Ix2Bib1DZerGg,7
8422,DlWyNoHdb1jAeGCOsaVU,7
8431,du6hbLIPwW2aGYZkNRQV,7
8438,dzValPwcOHZhJISqyp8T,7
8441,E8hFMgxcp9DAb1qGwQtB,7
8449,EjLnZ7ke8hyYIqxlJXD5,7
8454,ers73VJzBQHoYxilUdt8,7
8456,et8JFZUipOPKBl3DsEGo,7
8457,EvjemDbI86FNan4AQf2P,7
8461,ez3yDwEmqdTGY5SMv9Z0,7
8462,EZ7FwiO2p4DCrH6SJYBT,7
8465,f4BqH0J1xLkYKI3TEQWm,7
8467,f6OSXzVv5aDQPjGYrEA0,7
8468,f7FStL5cPTXbQkoZDduC,7
8469,f8NM0viCIaxQbBG1c7rh,7
8470,FDHjobQnCUSs6atXldJL,7
8475,FlnjSwYHGacRZVz0J1NP,7
8478,foWjCIUpHk4tEruJlBGc,7
8480,FQLZtVfKGT83YewqPjiI,7
8481,FsCzyGSN5qLRDgxh81if,7
8487,G68a2QiCMsvf9JUWdlND,7
8488,G9ItnR8HegBwlxEjDy6m,7
8490,gCSrhptYyd6vfQAZXcwE,7
8493,gelhQLoiRE0HZTOI2fYv,7
8494,geY51xavJjMGPbC9Hikt,7
8496,ghTfdVis0eRN3S1DEJFX,7
8499,GN8ZQjzWfKBYUtH1ehM0,7
8500,GNx5o9mIsTV3SUkeJFgP,7
8502,GpdqLhNUiH9tZn5zxTEg,7
8505,gtfUJnxsp1hbBlmeSiL9,7
8507,gUSm1WN6PBYQabnrLs7h,7
8512,H9tYbAiz7dZ0WsM6PEm1,7
8513,HaxgVnrql4bk7FEot9Sm,7
8514,HeSRou1ZPv5rNK2Wnzmx,7
8515,Hf2WOklmDrv5G6cEba7h,7
8521,hNKoiFSWrHegX5pnvfRA,7
8523,HQZY7q3BvjlrANFkcxT8,7
8524,hSNv2TgwqX0Ip3HnVFEj,7
8525,hTvkHcPfw8pLuUA2S53z,7
8527,HWhSIz2mFVokMc4E7CaQ,7
8533,i2LJZ9r8EQXCk04I1GUe,7
8534,I4nGjE570138M6hqXbmA,7
8537,i6GulvUznIrgyAjRE4YW,7
8538,I6pNbzORLrq8uG0cCJPi,7
8539,i89kvPU0R3EXQ1lZhyxY,7
8542,ibDT9XVyqJNrcztvEHgF,7
8543,iCN4jl26qfaQxTAe5Jzh,7
8553,iLBzkjmPncOKs7f4FDv3,7
8554,IMHkwmYq9OQJ7iVzByE5,7
8556,iOj4fAeuRb92FNIzQoDt,7
8557,IQzsyO5M0t2PSqCuT3h8,7
8561,ivrudVW0BGmSOlbqH6MY,7
8564,Iyjk3mOQfLnRTSqzdCJ1,7
8565,IyjtB6DFWvnTYw1E934Q,7
8567,j04fOHCJNI2TkB3lPVyv,7
8569,jCrTVsM6f9SOmRP8p14i,7
8570,jDJ2lpYeC6OLvPqWGIsa,7
8571,jfn98b4a1ErPWx3thgCN,7
8578,jIu3J4ovLPUOA6ngmyfw,7
8582,jmPeQlFEcqyRuVwrJTvp,7
8585,jOTtmr8uJvclSIBf1xHo,7
8586,jPwdh0NtUaR9T4MIWcuE,7
8588,js068WDIg1hXYHKPriod,7
8589,JTAoQ9miHalVeE63PdBU,7
8593,JYEvhBDFS2aNocqUwkMb,7
8594,JzF18ftmDC3VOLnIAhWP,7
8595,k2dfrliR13sGtuCTc4B7,7
8598,K47QO8LZycVNdTRu2F0P,7
8601,k7Xf4A2MhsF9jgiD1UGE,7
8602,k9Vp4RQczHiGXIJ10qMf,7
8607,kflLjmJz8FGsprySOqoX,7
8608,kgfPdjYxa5GtleWVrvEM,7
8611,kIpOXia5GrTjeNzV9K13,7
8613,kMdOa9cZ3jw8GUFu52Tq,7
8614,kMDrx5LS2P864CIwNiVs,7
8615,kMJ8PQiEqdOx1wmF4cKI,7
8618,kqiOdVbRQlB2s907GLMv,7
8620,KWg8T3NOYaQBF0tMqLm5,7
8622,L0xnGubfYwOPpQAgVNvo,7
8623,L1o7HeFKzONsb3JvRy82,7
8624,l1OdNtIKM8Gi6jowZHg3,7
8625,L1OGj5BEh2drf0Wtiu9N,7
8626,L2QwdUyG0HISDVk8rcsE,7
8631,0aVNj3qFgEZI6Akf4Kuv,8
8644,0Iv6U2hbcP1xeBitW5Oo,8
8647,0mgFnqeLAMr7jthUYRTv,8
8653,0rGlKyvn5Vo67RaDhPti,8
8662,0wkFafuhqSr1Z5J7K6C9,8
8666,0XrH26wcU1ASsvK5ZqhD,8
8667,0ZAJlqmphO4fjnVB6bMz,8
8676,1ARrSUKCbhWeTFyjp4ix,8
8693,1mlhNbQOFU0VtAP8ZJBk,8
8695,1NvKF7pMREf4iVyzZewr,8
8704,1zVtBw2rdTN9j7a4xZE0,8
8721,2L8T9IgSrJs7mlF5PueZ,8
8723,2LR1cT43f809ZG6KUd5l,8
8726,2OZkNTqAJ8X61eK4pjhR,8
8729,2qZrQoxyYDeadjIp3mSH,8
8746,36mPaSFkA7gVLnCbhqTt,8
8747,37MUhjJKBdCYFZyvqHWu,8
8750,3Bsqe5aIEWKZvOjXmox9,8
8752,3cLxp0USf758FCdWIMeb,8
8757,3g7SToXfidhHqjZ5RJUb,8
8761,3lVFreCQGTEnZyYs1Iiz,8
8777,3yPmbIvrqGOeWRSUnFTA,8
8797,4RKTW3jA6pyNbV2lgUst,8
8799,4S1uOdNGqKkCxZFVWAzB,8
8806,4xPwVZd8CpJEAUIebmvB,8
8811,5102w8Hp4TRkWbIUXSgZ,8
8815,56KhNHUTXZpryYaGqoj4,8
8848,5sLXK39w4fkSzAVi1Q6U,8
8853,5W4u3pSRyDefEKhVNZms,8
8864,6bqeRU05pPKuGxQ7NEkO,8
8869,6jCs7bHULZXW3kKtxNRw,8
8874,6MfjO3CBFGpvi2mWzwkV,8
8878,6qU3wkD1pLx42PcgMFEO,8
8881,6sSpDfKNmx3R4rjQeW9M,8
8884,6WDhbdurpOMFTsP8XkUm,8
8886,6z8BRNc5EJetqCs4kZYl,8
8889,6ZY9Al0hSbQBGF1RcLVH,8
8895,7AJMbxOIN3YyFnjg5oDR,8
8898,7dW2EIJqY86gKjPbtCkw,8
8909,7Ounj5D9ZaJBSbK0iodY,8
8914,7Rx5kEXu8PUcAvqodymC,8
8920,7UFMw39SLs8Qn4RuIY6W,8
8922,7vS8qWAMU6VzbglhF4r3,8
8930,82AIq1lR7GwbtSsTWQNP,8
8931,82C7lgFmjsNTu9fBdHbi,8
8933,8a39lGQmftE0MngbKCqu,8
8935,8aIkyv7jJRcWpYOD9Ub1,8
8938,8db5LXcqCo9SJBVxQ1g0,8
8977,9itfPnyplHZhTb8IMYq3,8
8986,9MAtXYCG3brN6auwUjQO,8
8987,9MW5Nuf0ogCEcRlYJeKG,8
8988,9N7hmb2VQnZoJBvLTWlt,8
9001,9yEvV8KfDm3hcUZPqBe0,8
9014,A6RirTm0V4X5OcaS87e2,8
9029,aFjtGgxzWAseZRiLJK8I,8
9032,agqI7DjH6FXER2dNJwVT,8
9034,AhEcNQy9nYHdfzZreoX1,8
9035,AiBpmbGDE1zPYOT4usqd,8
9036,aiRmPYXZnQNA509cpthB,8
9038,AIUyufsTl4xF6BHvVpwh,8
9043,ajLmuChQW2E3inYtepOH,8
9055,AnLTgxmeksSPClNiQMJv,8
9071,AUHE2QB3peXGCJ5FMcK0,8
9077,Aw5bfaXUP67lZN0cjzqO,8
9082,AzlMdBSOuma253te0bjX,8
9091,b9PJ5cCeBG6NOymu3pfX,8
9104,BH56lpgQn32eUyJDFImv,8
9105,bIC9f4xQYOm3SMpvgtWD,8
9109,BKt5UQleYWvJrx4N9R62,8
9116,BMjeIFGzP6U7qpW8YAHC,8
9118,Bn3MOp6gHdfLz8PboiJA,8
9121,BOeTymAhdfoYM23aj5Xr,8
9128,BPx5vIDXAmLkOiR1Ec3e,8
9139,BvU3AbFVu1awtI9QGzhR,8
9150,c3Lx2VdawPgOrFQK7ElZ,8
9194,CMKpr6JYU4Rw50XBDHVO,8
9196,cmWUeA4FBR9laODHVhd2,8
9203,CofyHkdmFVtYO5KWJn46,8
9204,cOGaJdDyevIn7XBouj5U,8
9205,cOhKH3t2zyUwRFNVQfs6,8
9206,cOKeokjEfm24N0u3wh19,8
9207,cPo7FESsJQvVNqmaOiIY,8
9212,CtGcyhMJk3wNe9BU08LY,8
9233,d5GCPxQuly4m6hEn0gqk,8
9235,d6D27zlaQs4EWPKkVHvB,8
9255,dg1AyKiHqjFwVOln4sLa,8
9263,dJVXOqTuk80ZWBleDc2Q,8
9264,dk4HiPSRzsfbBGVMqNac,8
9268,dlDuzi87p9eAZtUE4w2G,8
9270,dLUoZ03Xqh5PKMyflOBj,8
9272,dlWuKQ8saoCgw0ISYPjB,8
9280,Do9QfaXw52dYzcFipUeq,8
9282,dONo5qIgbC4PZ9yW6QSl,8
9285,dQ5kFDwP4ByqU3tnLTZf,8
9307,DZQHOmU7IVc3KWMbzJCE,8
9312,E2L74rVJjfs6qKoy50cw,8
9345,egnhwcvsVjWONCU8t2Ju,8
9347,EgymHkwfrqWDp28M7dJe,8
9351,EiD3lRHWhCw4zY9SjXVI,8
9368,EQ9XCpb8NMh2ql6Ki4ky,8
9392,eYwtJkx9a6dBz7ChZb43,8
9393,EZGSdcyL3bCHQaFDNo7n,8
9407,FAVY3yOcIPEk4BdqXgr1,8
9409,fC4O8EsYumjHKJlRyPno,8
9422,FhLibeNQqV4O8acZvtJ7,8
9423,FHMwlc0VNIkOTe54UEJL,8
9427,fiwJGn6gUtXlk1NZoFAS,8
9430,fj5YpGb4WZea7RCP9Llm,8
9437,FLBerci0hxEK1fYtUon5,8
9439,fmMK3AFYZeWEDPk4sLH5,8
9442,fnuUPBWtXN7bSsMvRDem,8
9443,FnXVjLgJDclyUw9h213B,8
9452,FQv3gdPzs1ayVCXuYcWR,8
9460,FWLJQbmnM2URyBv4P38O,8
9467,fYECMU3kwa4u1rgtNPod,8
9480,g2xuLl8TswtIEb7SqfXD,8
9488,g7qEpdzW3mhFL1Tf0kHV,8
9491,G8ukS97hQUnO13ZIXoLM,8
9494,gadc4pf8XmvzYSNTyOMF,8
9497,gaYrbUuHQn9w5q1OdMcm,8
9505,Ge7L4p2hWV3zuMDRmOyQ,8
9514,gHPbaK69RwpGA7nFtuvU,8
9519,GkfbZrRKmgFxq0Bypazh,8
9522,GlduQtUf3I1hAWYwyFLs,8
9524,GltvVHPJ9eLNj48a5CBR,8
9534,gNQ3UDOX98dJqLmxvuSc,8
9536,GOCxdg4XrQYsZvKf2eNP,8
9544,gquE91nRUy3XjiOdBfhW,8
9549,gtiofz9cBwuYCHjyJTdK,8
9561,GWOV07nzb1Lasfh3wYep,8
9562,GwusdVTRkYeZOaAgcpHm,8
9570,h1A0cfYFC7vrnDRxNXHa,8
9576,H5QR3qYhCvUI6px1oaEV,8
9584,haOqi2LncMP9VATIrBFZ,8
9591,hC4p1vnRPZlyMtsFVrqe,8
9594,hDkmuNtMpaExYj2VFd36,8
9606,hjdkwfeHXnWoUsJPY2y3,8
9609,HJt1Mc578nYFBDdKNkVu,8
9622,HOxsvV5gKWhCm9FqDb1r,8
9624,hP6lGov9R0eVci5QyuYS,8
9627,HqX48iTlfj6goR3JFWwG,8
9651,hzH5vLburkG8simTIaeq,8
9665,Ib5eiMc7tNOUylwFBLvx,8
9728,IweQoKz4HxGc8mAETNpM,8
9736,izRtJ6ELUuCPWAxB9ZOs,8
9746,J8BlM3NXxq4LzIsrGVPD,8
9747,J8EvIQbVSYOXxKC4wgd5,8
9760,jHEwUGnCVyvB8oguAseJ,8
9781,jSMI8XxFJhHAWa15GozR,8
9790,JufSg9mpGi1dVZ0C7zWA,8
9791,jULaFyfMxw9nPWX6uK12,8
9793,JV6Qew1hoIUYF7uiCz4L,8
9794,JVSdyxfAB2Y3KT4ZihCk,8
9800,JXbBkuvnYF1tCANOlZy6,8
9801,jxgaANiB20rR4UuSveCs,8
9810,k1fUSL4R0yqnAoEdQvlD,8
9829,kcAwuM18pnvfbgIos570,8
9837,kGf3NUtFcq2wCSD0Yeuz,8
9840,KGTOj6HAvNqWUcP27bCf,8
9851,kLMHFv8hXS0atbDf7nGY,8
9876,0pXDqTLSebKWgaUOdnVE,9
9878,0qV43bnIcBDPF1WlG6tJ,9
9880,0sH5GdO3LpZwMbPaXjfN,9
9881,0tZy7jgOKCIJslPRvrop,9
9888,13FZ9DOhywk78sJiVULu,9
9889,148bgAqCj3NzaHwSP0Gu,9
9899,1MjkqlJ7L6EoAPXb2fKV,9
9907,1uNTL24yHl3EVFidSzUA,9
9912,1YAFzJjOeKUCc7pubM9q,9
9933,2NakDPd4GWEwzuHhTx5o,9
9946,2WkGMV9mKJrBAOZL5zdI,9
9955,39YX8jkenM2UHOvCRDq5,9
9956,3afO9NUdwDyT6IlAm7gk,9
9958,3Ce9LP6ngx2uBtSyczRG,9
9959,3cG5wXTa8pRN7ObFtE4K,9
9973,3MZriOFjTzUcpWfl4nah,9
10005,4ng9zuri2Dtm5H8INwxF,9
10006,4Nxt0uDWz8f6YpPqCTM5,9
10007,4OfNIyw7BxlzSHWEi3mL,9
10016,4XAPr8eSwWqzUlc739ZY,9
10026,5gVwWXsxtIzEn6RUJq7G,9
10036,5R3hLjKfZMi8mYI2zVwb,9
10045,602shC5njSE4yHNZ3QFM,9
10048,61ZG4u8AIUrOMNRYf0sC,9
10060,6CsTIZDSEdqNzi5tOKBo,9
10066,6KauYyxGt1n8wViqbe5X,9
10074,6qjSVHW1IFQOTALiRzca,9
10076,6qx5KcpelROjwUVJS01I,9
10078,6rH4RophlktZL3Cwefbu,9
10090,6ZdpisIvCL1GornaSU4D,9
10097,7brc10uy63I9lxBGkJD8,9
10105,7iEfJHXeGdvRDhx364nL,9
10106,7IpfdG8WOkLFojV5bwJr,9
10120,7waVJqpLnoxz4fKsZv39,9
10133,85qyLrVc1vhsKCfnNXmx,9
10138,8cqDWHrnyKRC2Ja9biQ5,9
10144,8J209kMCyFvWuInbYcio,9
10149,8l5jU3sPg4MomRFwL9zT,9
10156,8Vaqh6ofRjLcy2CwpEHZ,9
10159,8w2sWctxOpoIH7VbFREX,9
10164,91GncYPQHMUTaSuZBqxJ,9
10167,93prvATOY7WiulSKUcRm,9
10168,93QCNLn5FD2pueg7GdXB,9
10169,93u1tN26E8eySoFxaign,9
10171,972muzardTq3IUKHODvP,9
10186,9Py0kQsvVcHmJe8fZEdT,9
10189,9sqHEPM5v1ZixBWn8mtl,9
10194,9yEnJoLOWURsBbt2FivP,9
10200,a1u9v0bUgGqk5nBwQ2tm,9
10214,ADHdmfR8J6Ebko2P4lqI,9
10221,ahwFAIPcS3yxg1j02KCJ,9
10222,aIGXWDVUyzTcrYAOeBgP,9
10223,aiIz8JfYMyPvA4SG6HUO,9
10224,aIpSDAY9T3rsCwV06Xue,9
10225,AithdqZTbgGjRulO3Lz6,9
10227,AJBxQN3qer6FYj1RkbdU,9
10246,ArX2JQ5sNDhb0lyMoqu6,9
10247,ASDe8bT2BYWLwnOmqFJX,9
10248,ASod6eiQyz17bRkglJ5q,9
10253,AW0VsbwKSIHgXBZupjGP,9
10255,aWXfqViyPYSJHGwOeM07,9
10256,axmjW0H3EnB9JRdSibKY,9
10257,AyCpqod2kgXKjOnlEbvV,9
10268,B3F57b1RXv8cuGZifynU,9
10273,B9Er5flSnY8GPoFJb7vz,9
10278,BC9hzqbTa0OIsePYiND6,9
10283,bDHk4ziTdugcp7jAZlE5,9
10284,bDuyza0fBOtQlPNFHnAJ,9
10286,beDosHq791jFfRElVdmi,9
10289,Bgd518FpSGfwvekMYxUR,9
10291,bI3lF0LxVd69TQoWM5jr,9
10293,biR27No0uO3zlPjqGfJw,9
10295,bj1D4GtRqlJwX9ypBE2g,9
10299,BJxWKlM3u74OAEkSoysr,9
10304,bN3kfMQKxw5iLAydtaEZ,9
10319,btnjxGM0mzXWZOys5N2r,9
10320,Bu4azJQyljTOX3hCn2AN,9
10323,BvWnd3XlLYb1QGAyP6Zf,9
10329,C1Dr4KzRJ2pN0jqG8lAI,9
10338,C8gwzSJAW9vquQ1pnLEf,9
10349,Ce6ZVRzOT907NYXBqD4r,9
10362,cKFOX08ZxoVbayIReAvg,9
10365,CL7wiUdlhOvgaJesfrmW,9
10368,CM0B6DmviQhWLzTuHRnV,9
10369,cMF56QT2zH7t1KpfAy8e,9
10379,CSrozOlLw7i4FR5hbaEn,9
10381,cTZaQl81E3qRPifYNIhD,9
10389,cwWFfNAeLChbKD9mRd2u,9
10394,CZ2gJmqpoi0PuKQnxfHw,9
10417,DClx6p7OIkUwVmNYajhB,9
10421,DeHCJiGlVcRg1E7j28hf,9
10433,dI89k371NKgURwFqsOBy,9
10438,dJ326HRzYfn0DZIPhjMv,9
10443,DnJFtCH7gTMIvWYlAxcN,9
10447,dQbqMtOsVYrWDIvh8k2S,9
10448,dqXuSezv3IJWonmGFUAp,9
10450,DrNO6fVRJLoqYK4Bkdy0,9
10452,dRYGQSA8TrmIPtabWNeu,9
10464,dW7PwfxAsy8HLFn3NXtB,9
10471,e0ujNRMU2TxqD4rfAXaF,9
10510,eqMtk743YWi6Dpm2Hab1,9
10512,EtGBOKD2bpQI3ZwJRPmc,9
10515,EVb2miqJLBj4kTlfzwvS,9
10524,ezHTxiry7cw5dsY6NjSZ,9
10527,f0NLCiRGpDTU3dlZmSEs,9
10538,fcId81lTeFim0jMzXo6R,9
10542,Fe4yEv8HmfLTBQuigKC6,9
10544,fejvONdZz12cthT8xKlo,9
10557,FNk5ufg4GxHDLUpeOBmo,9
10561,FPrCDVSpITEWtUyMuozc,9
10570,FSqi0ZaPveb5jMxtBcfs,9
10571,fT4RC3LwYxDib5K1EOX6,9
10573,fU4l7Lc8jnyxRewu1okV,9
10576,FvEJe7LOjwDranG2tcf9,9
10586,FZhGnySKIx4prT8YmNWR,9
10595,g6YuB4D2RCwjUHmW31GZ,9
10596,g9MVAiYzLpkEl81buc4W,9
10607,gDYeNAplMujwPtU0qnJW,9
10609,GFblksovaPYLI5XeC8RU,9
10612,GgmARFo3WxUZ0KzuCM15,9
10617,gJspjOHk7zXSGMB2Y5Tm,9
10621,GlBR2jy6Nx1HUEag5ISm,9
10630,GOEKlWF9DoZ7Y13rJ8ia,9
10634,GPAypQZ0LH7rD1safnMI,9
10644,GsMCWkKc5LE3PxYhUFnt,9
10665,h58VsWF3CjNwgxZenm7l,9
10667,H75RL96JxmMEfBvbe2jk,9
10674,hCozU2T0mep6nNkABStf,9
10675,hcug1H8Rw6ZJ2sOITmnG,9
10676,Hd2RSo5Vklez7KAWpaF1,9
10680,Hfo6yVm1zvZaYlTeG59b,9
10683,hgjwNAdHsBlEU3QZLbWC,9
10688,hIkK1vBdj9fDJPcUWzA8,9
10716,HYXoC7FRisqWgwP0EjLK,9
10718,I0aTJkCwgMY8P6h9vWSt,9
10722,I1eauWn7x5lPLR2rQoF8,9
10735,iFG7jwNOmPvgckQVdf0p,9
10737,IFRGbmc7WwDiHNtvC1pU,9
10749,ijsudn60LwGlgaIJYV5S,9
10763,iPqeOav3fHD2VJrt9GoE,9
10767,IRvabWSMkDe8pxXVLOrh,9
10775,iVR4woCP02d89KLaXTm3,9
10777,IWwBaxyoTQbklN6CDG3h,9
10783,izS2yBV3Z4nKch5OmAuo,9
10785,J1LCS4Foa2jbAOYGWQhz,9
10791,JaQjr806qALIHS2MDZyf,9
10794,JaxoikOjnRvIHFAzBMUD,9
10802,jF8Qxdo3MyVEc9l6O2B1,9
10804,JgoL72E0WlXhmFHD5cxp,9
10805,JGpFMd5bZlkQ18fxNcwn,9
10811,JIZ5Dg8xYLrfBPUeclHs,9
10824,JNGf3qzH2oLvBXDSM6Fp,9
10826,jOPwcHh7kyFaB4Yv8SMU,9
10842,jVEk2G0fyQUiNWbxAzch,9
10843,JVPnwpfeExcNDt2ZTAQm,9
10853,K4jGPJV6DUu7Xq1eFdrB,9
10858,k8qrhNTAG54fSl6jDtVa,9
10864,kg24YRJTB8DNdKMXpwOH,9
10865,kG29BLiFYPgWtpb350sO,9
10866,kGITL4OJxYMWEQ1bKBiP,9
