ID,\.dll,\.drv,\.ocx,\.cpl,\.scr,\.sys
065EZhxgbLRSHsB87uIF,27,0,0,0,0,0
08BX5Slp2I1FraZWbc6j,20,0,0,0,0,0
0aVNj3qFgEZI6Akf4Kuv,12,0,0,0,0,0
0DbLeKSoxu47wjqVHsi9,50,0,0,0,0,0
0EL7OGZKozbiNCVP61gk,10,0,0,0,0,0
0eN9lyQfwmTVk7C2ZoYp,4,0,0,0,0,0
0GUIi7xAlODwZ4YBenNM,7,0,0,0,0,0
0hZEqJ5eMVjU21HAG7Ii,4,0,0,0,0,0
0hZqVRKkw7GfMdpalLiN,12,0,0,0,0,0
0I4ZVvngsAatm8fzD3pk,77,0,0,6,0,4
0Iv6U2hbcP1xeBitW5Oo,0,0,0,0,0,0
0K4sTCLtrIJ5SinQbe7u,12,0,0,0,0,0
0mgFnqeLAMr7jthUYRTv,15,0,0,0,0,0
0MmZ8j5pn2R3VG9wlxYi,10,0,0,0,0,0
0NyfGXt8nmlK72Q9Irhs,59,3,0,0,0,0
0PlfqyKM1JtYZx2me5FU,4,0,0,0,0,0
0PREAmkFZjrftD3LiwOV,25,0,0,0,0,0
0pXDqTLSebKWgaUOdnVE,27,0,0,0,0,0
0qV43bnIcBDPF1WlG6tJ,15,0,0,0,0,0
0rGlKyvn5Vo67RaDhPti,15,0,0,0,0,0
0S7z4qxYTHPUDO8fgIyA,18,0,0,0,0,0
0sH5GdO3LpZwMbPaXjfN,18,0,0,0,0,0
0SHJ2aOnMCUGdLZrTQDV,12,0,0,0,0,0
0SIqXMkDBWKE8s9pQaOv,36,0,0,0,0,0
0sLBvJeYl5UkiRzV1atI,8,0,0,0,0,0
0sM2atqTo48GgnFwhQXu,10,0,0,0,0,0
0sYDNzwVMaWE2TIZeA81,12,0,0,0,0,0
0tZy7jgOKCIJslPRvrop,7,0,0,0,0,0
0uZcAvaHLitbWmC1QMXf,9,0,0,0,0,0
0V6UmdMg7wQGXslAzORJ,22,0,0,0,0,0
0VnTurd7B4YsH63wUGJ2,10,0,0,0,0,0
0wkFafuhqSr1Z5J7K6C9,14,0,0,0,0,0
0XrH26wcU1ASsvK5ZqhD,29,0,0,0,0,0
0YCvp8xd4rjiDMKFV9PA,50,0,0,0,0,0
0ZAJlqmphO4fjnVB6bMz,15,0,0,0,0,0
13FZ9DOhywk78sJiVULu,21,0,0,0,0,0
148bgAqCj3NzaHwSP0Gu,7,0,0,0,0,0
18te652nLyCi3IrZqMOJ,4,0,0,0,0,0
19B6wSHOLmjhGPoquTbW,8,0,0,0,0,0
19lTEvHhVDprkGxgXLcf,12,0,0,0,0,0
1aAwe4J9VHrsq8uEoZhf,48,3,2,0,0,0
1ARrSUKCbhWeTFyjp4ix,18,0,0,0,0,0
1AXVt0D9mSU26fL4iFGc,19,0,0,0,0,0
1BDCxE2AMQN9yH6sWdIo,24,0,0,0,0,0
1bL4yiwCUvSOg7tBJudf,6,0,0,0,0,0
1buWc2A0VeMrkNpohCPy,12,0,0,0,0,0
1DNWriJEg56S03yvjTBu,91,0,0,11,0,0
1EisIfzGOTX8hKaFH6uy,12,0,0,0,0,0
1eJx34l8pcAFvMuOwrjB,11,0,0,0,0,0
1eOaAY4fpV38LIdhxl95,0,0,0,0,0,0
1GRsOmJXetEkqIraBuSd,9,0,0,0,0,0
1h7nkscUw5lDurHXPE20,20,0,0,0,0,0
1hK3zVxBGXmtTP6JlHwb,7,0,0,0,0,0
1KCvMqIFUoaB6wfOc2xQ,4,0,0,0,0,0
1L8Wt9XTV3pInwaqiobG,12,0,0,0,0,0
1MjkqlJ7L6EoAPXb2fKV,24,0,0,0,0,0
1mlhNbQOFU0VtAP8ZJBk,15,0,0,0,0,0
1mStzMaQ8RUVBx7TkF4o,6,0,0,0,0,0
1NiArstKkEmMf0vjDd7l,4,0,0,0,0,0
1Nu6CWGKlM4Xgi2x9a8H,10,0,0,0,0,0
1NvKF7pMREf4iVyzZewr,6,0,0,0,0,0
1OHzGWXBTlpyVsIPK3kj,6,0,0,0,0,0
1PQFYMSBLAO9TmKk2Zhj,3,0,0,0,0,0
1q92fF8uKHitWlaIkXzQ,41,0,0,0,0,0
1Skcwz5YxWihMqIyt30X,10,0,0,0,0,0
1T3m7BMCLXpu9JjyKH8R,44,0,0,0,0,0
1TKPznCeQg9cHYflavwb,18,0,0,0,0,0
1tzCLRxMuGS0yKI3lj8c,18,0,0,0,0,0
1uNTL24yHl3EVFidSzUA,15,0,0,0,0,0
1vQKJIkiBaTVxc5uYCZW,15,0,0,0,0,0
1YAFzJjOeKUCc7pubM9q,10,0,0,0,0,0
1yC7BzWHgtI2FibhQ0km,3,0,0,0,0,0
1zVtBw2rdTN9j7a4xZE0,15,0,0,0,0,0
21l6VM9tKEuCUhL7DjeY,24,0,0,0,0,0
25JcvPNOIBXgSrAEtpUy,4,0,0,0,0,0
25jQ4xItcnbB6Hfo0E9T,41,0,0,0,0,0
27V4S1ncC3fj0gitGuDI,10,0,0,0,0,0
29FZvBJyX0GbnaLAYeKw,12,0,0,0,0,0
2bf65CdkZTUGXjzq9KNJ,10,0,0,0,0,0
2DbfJX4WgzP0R8BwrHyS,21,0,0,0,0,0
2e5P1iKzXugGRBFfOEnc,4,0,0,0,0,0
2ECqL8au6iS3jNJDoOdn,12,0,0,0,0,0
2EgZDWKnJV3Gz4TkIiYU,12,0,0,0,0,0
2eJq8SOvi1Bs4T9XNEj6,23,0,0,0,0,0
2FfmJdWv6RrIjzYhaKZ1,12,0,0,0,0,0
2gMFLJAaNEkx7oWRwl54,9,0,0,0,0,0
2gwSoct3BzRUvajVeCLu,4,0,0,0,0,0
2jHV3wyk5aDGBs9SFCvW,9,0,0,0,0,0
2kjJp4LQZsyxwquaB7WA,19,0,0,0,0,0
2L8T9IgSrJs7mlF5PueZ,6,0,0,0,0,0
2LR1cT43f809ZG6KUd5l,0,0,0,0,0,0
2mZqzjspRt5Xy4B9f03L,12,0,0,0,0,0
2NakDPd4GWEwzuHhTx5o,18,0,0,0,0,0
2nr0GTSxN4zKobZqwpy6,35,0,0,0,0,0
2NYAUVgtXPpbJzRQO7Cl,19,0,0,0,0,0
2O8w7LMDfCgRhnvNuetV,19,0,0,0,0,0
2oMjFb1UfIym9ZgxDPqG,4,0,0,0,0,0
2oyTpmYF4tSuBH9kXQc7,16,0,0,0,0,0
2OZkNTqAJ8X61eK4pjhR,15,0,0,0,0,0
2qSURceVYgQEhOFAdPXC,3,0,0,0,0,0
2qZrQoxyYDeadjIp3mSH,9,0,0,0,0,0
2r0UYLcKCxnRovpj5dlQ,13,0,0,0,0,0
2SnRYbpqifxILdT4Wg9m,3,0,0,1,0,0
2SRWXLQomgJyliq3G6BM,6,0,0,0,0,0
2WkGMV9mKJrBAOZL5zdI,18,3,0,0,0,0
2xlhAE5LO8RFfczB6ep3,4,0,0,0,0,0
2YNFrzjaecyUInXCDVmt,6,0,0,0,0,0
2ZPDI3tv7UdhkfRWu54L,90,0,2,0,0,0
2zUdQEyv5oKARaYGxhXk,16,0,0,0,0,0
30htxi8FRcmfUkInewlS,0,0,0,0,0,0
32r6nRhN1UCwtFTfy8ZG,0,0,0,0,0,0
32rcXoa5QI1EmxBFS9he,3,0,0,0,0,0
35B8Vh0Q9k4STsiCtKx2,4,0,0,0,0,0
36mPaSFkA7gVLnCbhqTt,15,0,0,0,0,0
37MUhjJKBdCYFZyvqHWu,14,0,0,0,0,0
37Og0blzE4WYpZ5c9LMN,4,0,0,0,0,0
387RdPoyKxJIZr1YNcO6,10,0,0,0,0,0
39gowdFUK2kGxcBnbALH,32,0,0,0,0,0
39YX8jkenM2UHOvCRDq5,18,0,0,0,0,0
3afO9NUdwDyT6IlAm7gk,21,0,0,0,0,0
3b7cK2nPtTHIQ658wsYk,4,0,0,0,0,0
3Bsqe5aIEWKZvOjXmox9,0,0,0,0,0,0
3Cb9mdkictPwsSOTKUIY,10,0,0,0,0,0
3Ce9LP6ngx2uBtSyczRG,7,0,0,0,0,0
3cG5wXTa8pRN7ObFtE4K,24,3,0,0,0,0
3cLxp0USf758FCdWIMeb,15,0,0,0,0,0
3eHwdBolFKi4PahtXSyg,4,0,0,0,0,0
3FNOSAujbRIDnZqhmeMo,47,0,0,0,0,0
3g7SToXfidhHqjZ5RJUb,6,0,0,0,0,0
3IZHa2xXVu6KrgNoPd9W,10,0,0,0,0,0
3kpwYGsKyF8HlnjDm6aA,12,0,0,0,0,0
3LOYzcPQdE7yresjlXVm,13,0,0,0,0,0
3lVFreCQGTEnZyYs1Iiz,15,0,0,0,0,0
3MZriOFjTzUcpWfl4nah,24,3,0,0,0,0
3nqel6RATDmiaQJwpZCz,21,0,0,0,0,0
3nxujXtip8hGHb6ZQdA4,10,0,0,0,0,0
3OX0rbks7LQmeDcKx8C4,0,0,0,0,0,0
3PUsV4jflnCw8mGHZIgK,34,0,0,0,0,0
3RiBw0ntobeCh5VEQrY1,6,0,0,0,0,0
3RrCi87ovZ1Qw6WuygGB,10,0,0,0,0,0
3rsuE2CHA4WG16fQynUK,12,0,0,0,0,0
3TDhUPRqnKiQ8VpB6oCY,12,0,0,0,0,0
3vG9FbUS2P8Xcfsj4WLw,12,0,0,0,0,0
3Wi8BgsVyjH7oKbEPq9f,47,0,0,0,0,0
3WPEFKHwX1DLBI4bzAM7,12,0,0,0,0,0
3X2nY7iQaPBIWDrAZqJe,8,0,0,0,0,0
3x9R8E6Gv5JhDda2eoq4,12,0,0,0,0,0
3xhmsIkdn7FPL4G9a0Qg,39,0,0,0,0,0
3yitlJFLwPhTcNbUA2aS,12,0,0,0,0,0
3yPmbIvrqGOeWRSUnFTA,15,0,0,0,0,0
40dBpWDhOUzZ5yVAKJF3,5,0,0,0,0,0
41o3zDTReYVFtpOB7EWl,10,0,0,0,0,0
41sxuO3ZpR5vAc0Kbjqe,10,1,0,0,0,0
496EYbjny1LlaK3sr5Zu,8,0,0,0,0,0
49epoGtYixcgnkfwJ2dv,5,0,0,0,0,0
49RfyxpQP1CzvneWIG5q,19,0,0,0,0,0
4augeM3l7UKbHc6ITnOL,12,0,0,0,0,0
4AuqM30HyOajgr8SleRL,6,0,0,0,0,0
4bEmQThjKsiSPcFfzv1q,41,0,0,0,0,0
4c3h7j0QyqIgnKFzA5vR,4,0,0,0,0,0
4CLQnNRbyBDWOaIMFog7,13,0,0,0,0,0
4EB7To6p1z8FAQekCjZi,4,0,0,0,0,0
4Eo8QvuZFWCBR6i0rhs7,4,0,0,0,0,0
4f91UESFtRDrnLdyZOCN,48,0,0,0,0,0
4fYojiJ3XwcILTA6KlWu,4,0,0,0,0,0
4GUJ7HBXO8I56WyRSMQd,3,0,0,0,0,0
4iD1ec9BR6Mghzm82yqs,16,0,0,0,0,0
4InZfrkMYP8UQOaevoK0,12,0,0,0,0,0
4jVLlkxAIGvb3MBzDYHc,19,0,0,0,0,0
4kuxDJlwWHMi5KX3SVQq,10,0,0,0,0,0
4n5LKPoBHSyfNz6iWJeQ,6,0,0,0,0,0
4ng9zuri2Dtm5H8INwxF,18,0,0,0,0,0
4NnkJueQdl9yX7ITwZKY,12,0,0,0,0,0
4Nxt0uDWz8f6YpPqCTM5,18,0,0,0,0,0
4OfNIyw7BxlzSHWEi3mL,10,0,0,0,0,0
4omjpRdNPCMSfxi3TyEA,12,0,0,0,0,0
4QCBDTJFskOqox0H8XIL,3,0,0,0,0,0
4RKTW3jA6pyNbV2lgUst,15,0,0,0,0,0
4S1uOdNGqKkCxZFVWAzB,15,0,0,0,0,0
4suKxkVWNqFQZLB5UfXD,6,0,0,0,0,0
4vr2yUw5PiEgN6BaWRho,12,0,0,0,0,0
4WaGm3PhidQVRopgXz7J,3,0,0,0,0,0
4wIxhDlpCbJVkZLfHKtP,156,0,0,4,0,0
4wrp1jESmXKUAvH5s2aR,12,0,0,0,0,0
4wv86XGCOkUWEAPrJtDi,12,0,0,0,0,0
4XAPr8eSwWqzUlc739ZY,21,0,0,0,0,0
4XEdp5nArx9TN3qZ62kf,13,0,0,0,0,0
4xPwVZd8CpJEAUIebmvB,14,0,0,0,0,0
4zB07s1G3KjqYibEO5J2,12,0,0,0,0,0
508Uk9z1gvCtucARFWG3,0,0,0,0,0,0
50f7jCS4w3hED2ueRosN,137,11,0,0,0,0
5102w8Hp4TRkWbIUXSgZ,23,0,0,0,0,0
51NK2bWwuvf6rH7RTCPk,9,0,0,0,0,0
56KhNHUTXZpryYaGqoj4,15,0,0,0,0,0
57aolZC6XSxqr2HiGsfV,4,0,0,0,0,0
59P7Kv8cMforuZUpVQnY,10,0,0,0,0,0
5AycfmLjIp7NnvgS1JYW,12,0,0,0,0,0
5bNgRzHpdGInuxjQBvFt,12,0,0,0,0,0
5CQsuk3ygnTmHKEBDbzZ,47,0,0,0,0,0
5dqijn0zcEPgONTLFRoI,0,0,0,0,0,0
5FyHhsqWCcxTkAS7wVlD,4,0,0,0,0,0
5gVwWXsxtIzEn6RUJq7G,24,0,0,0,0,0
5iJsI0VCgF2D1Gukdayc,6,0,0,0,0,0
5MjiBxhL0nSvV9CUedQI,9,0,0,0,0,0
5NMDYGWr4mKFTIk1fQUH,12,0,0,0,0,0
5nPbr70kNiOSQGZmL8IH,30,0,0,0,0,0
5PBvwNE8sCzm1bjUlf6A,4,0,0,0,0,0
5PIwjdM6ROvnbiN9Dx0a,18,0,0,0,0,0
5QjzywcSG4XLhNRt8unq,4,0,0,0,0,0
5QvCJULkphcYGge78RNs,0,0,0,0,0,0
5R3hLjKfZMi8mYI2zVwb,7,0,0,0,0,0
5sLXK39w4fkSzAVi1Q6U,29,0,0,0,0,0
5W4u3pSRyDefEKhVNZms,15,0,0,0,0,0
5Xc0iAYjsG7ugxrZNIoS,18,0,0,0,0,0
5xzWZR1OXkKjBTtPYVai,12,0,0,0,0,0
5YcQadwmPLqg72tvW8iS,8,0,0,0,0,0
5yeOrl2fKasq6BnStQ4G,47,0,0,0,0,0
5YhH9bwB2VyoukplmOQA,38,0,0,0,0,0
5zYVF03NXadb7Gv64PqC,10,0,0,0,0,0
602shC5njSE4yHNZ3QFM,24,0,0,0,0,0
60C4Kupa7OAXWcjTQIqy,4,0,0,0,0,0
61ZG4u8AIUrOMNRYf0sC,27,3,0,0,0,0
63vS2seA0bRQhG4fugWE,12,0,0,0,0,0
65cjJpPCUQiLDRyXfWd4,6,0,0,0,0,0
67LFYMBVhdD3Jo2UGRSX,4,0,0,0,0,0
697TFDm0KRiZIgB4pJG1,4,0,0,0,0,0
69jsYQMcGwzrBLUPRb5e,38,0,0,0,0,0
69MHIoldGcUTvxEOXJyw,4,0,0,0,0,0
6a9QCg870OIZxrEmqK2l,4,0,0,0,0,0
6aTHENeI5PBYgzJndM7V,16,0,0,0,0,0
6bqeRU05pPKuGxQ7NEkO,15,0,0,0,0,0
6CbnMfItA5py0odwQjPR,4,0,0,0,0,0
6cJ4OV1TGifn92SCPNEA,44,0,0,0,0,0
6CsTIZDSEdqNzi5tOKBo,21,0,0,0,0,0
6cylqphx5sHCm4fYBEdK,4,0,0,0,0,0
6cYUST29aReytkJO4zXi,0,0,0,0,0,0
6DBKSix3qaP1HcQ8r7uG,5,0,0,0,0,0
6Ep5PZ3J09edDNo4ahx8,16,0,0,0,0,0
6GbjZn4wEtWSkrJUzoVc,10,0,0,0,0,0
6gHI9qzDjmLhd4nWS3oi,3,0,0,0,0,0
6Ij39ZnpNmcdKOUe0BvY,0,0,0,0,0,0
6JckVCSUd5azvlGjBtbu,19,0,0,0,0,0
6JcOPhsUjbfXgnoQaHyN,17,0,0,0,0,0
6jCs7bHULZXW3kKtxNRw,35,0,0,0,0,0
6JOiKa5LrAtu42TpY7kI,16,0,0,0,0,0
6KauYyxGt1n8wViqbe5X,24,0,0,0,0,0
6McvAWZj4285L7XPrwnE,4,0,0,0,0,0
6MfjO3CBFGpvi2mWzwkV,18,0,0,0,0,0
6mKG5UgpFBOYCdR3Wz8J,12,0,0,0,0,0
6NCw8nF9A7fUzYLyJIiD,12,0,0,0,0,0
6NH7fncljqxP30hOriSw,4,0,0,0,0,0
6p0xPcyrDB4R8YNHEsnU,9,0,0,0,0,0
6pvAOQCLGgPa1EKniNW0,17,0,0,0,0,0
6qjSVHW1IFQOTALiRzca,15,0,0,0,0,0
6qU3wkD1pLx42PcgMFEO,15,0,0,0,0,0
6qx5KcpelROjwUVJS01I,28,0,0,0,0,0
6r02dN7YEojsfTQkzlGh,12,0,0,0,0,0
6rH4RophlktZL3Cwefbu,24,0,0,0,0,0
6SHqMnAlwd79OrYL50Ti,15,0,0,0,0,0
6slf2AGqxWCP53Z9NuhI,20,0,0,0,0,0
6sSpDfKNmx3R4rjQeW9M,15,0,0,0,0,0
6TUw1J5DR47dAgmjHLOs,50,3,2,0,0,0
6u25JYNBy8wzSHUjqxvh,6,0,0,0,0,0
6v3P0dtFROb2kyiNrKQ1,8,0,0,0,0,0
6w02fn5UqNDMd1tISWKc,21,0,0,0,0,0
6WDhbdurpOMFTsP8XkUm,15,0,0,0,0,0
6wHyQ3DVLMBtsxnhGvmo,10,0,0,0,0,0
6z8BRNc5EJetqCs4kZYl,6,0,0,0,0,0
6ZdpisIvCL1GornaSU4D,12,0,0,0,0,34
6ZY9Al0hSbQBGF1RcLVH,26,0,0,0,0,0
723C8e4nNUKMLrQZYdpP,9,0,0,0,0,0
75qSAohLWYb60Hs24NUF,25,0,0,0,0,0
76cGRgDJyFW08rY1tz59,35,0,0,0,0,0
7a5RVl9htyOJcBUK4rQm,52,0,0,0,0,0
7aEbXfVnzhG6dRMLT58q,13,0,0,0,0,0
7AJMbxOIN3YyFnjg5oDR,15,0,0,0,0,0
7brc10uy63I9lxBGkJD8,18,0,0,0,0,0
7c06VofO9jp8dkSIunga,6,0,0,0,0,0
7cx4QdBWg9wMa2pvOLuo,12,0,0,0,0,0
7D92cJaF5QIdpA1OEhSt,0,0,0,0,0,0
7DU2vQMzELbKx3tBjg9O,12,0,0,0,0,0
7dW2EIJqY86gKjPbtCkw,18,0,0,0,0,0
7eicxTZ3pDPf65O1RLXg,10,0,0,0,0,0
7GsWJqlM3kCt62axD5O8,3,0,0,0,0,0
7h32P6rADjMVEQuoOJIB,24,0,0,0,0,0
7iEfJHXeGdvRDhx364nL,7,0,0,0,0,0
7IpfdG8WOkLFojV5bwJr,7,0,0,0,0,0
7iQNYb2mIPzy354RMLX6,30,0,0,0,0,0
7IrpXlvH6LOStVaewBPg,21,0,0,0,0,0
7JjQBd2CAyvtgYlSL0e3,13,0,0,0,0,0
7KqfVlEBOmr6tTQewNG8,4,0,0,0,0,0
7l4AkQw3Gx8XRcJO1gaK,27,0,0,0,0,0
7lYJNX4TjapibMyvd9sz,12,0,0,0,0,0
7oKB6OiGX8LStVwnqlQI,12,0,0,0,0,0
7oMbW9DCm6tQn5FTRIus,10,0,0,0,0,0
7Ounj5D9ZaJBSbK0iodY,0,0,0,0,0,0
7ptdL0VO1BzPlWXnGHwJ,12,0,0,0,0,0
7QrNYCk9O18JlZWgxmwE,3,0,0,0,0,0
7QtHrPMIOSsxAde6wnv0,6,0,0,0,0,0
7qY2raQ6izp1KwGcsdyn,28,0,0,0,0,0
7r4nyOFDRwkc2EgxopWV,6,0,0,0,0,0
7rneDC6Ng10vEPuicRWV,137,0,0,0,0,0
7RVrih9gAL1FodIKNTc2,3,0,0,0,0,0
7Rx5kEXu8PUcAvqodymC,10,0,0,0,0,0
7s4hmScB9p6HZfNFwVri,7,0,0,0,0,0
7schXvl2FHSujB3aVK9e,10,0,0,0,0,0
7sNR0UFCQniz8vbhVpIo,10,0,0,0,0,0
7T49Xi2bgMIxcAQKdfky,7,0,0,0,0,0
7UFMw39SLs8Qn4RuIY6W,15,0,0,0,0,0
7uqOdRfD2MNowsIh3xUX,8,0,0,0,0,0
7Uzm5a3KiuTxZPWt8sRb,12,0,0,0,0,0
7vS8qWAMU6VzbglhF4r3,6,0,0,0,0,0
7W4mwlHBPNdcFaViXsrD,3,0,0,0,0,0
7waVJqpLnoxz4fKsZv39,7,0,0,0,0,0
7XNob9FGEw6nCSOZT0vJ,4,0,0,0,0,0
7yhwG9NErjks0RDc15B2,11,0,0,0,0,0
7zIMcQ35pnFfgE9qr6vs,10,0,0,0,0,0
81BI6Ky9bfr4CL3TUkFp,10,0,0,0,0,0
82AIq1lR7GwbtSsTWQNP,23,0,0,0,0,0
82C7lgFmjsNTu9fBdHbi,14,0,0,0,0,0
85m4HMaLjpTxtlovqZw0,4,0,0,0,0,0
85Mk6byWNR1wCETYisFp,10,0,0,0,0,0
85qyLrVc1vhsKCfnNXmx,27,3,0,0,0,0
86ltmd4JPQnVozyK37bB,4,0,0,0,0,0
87Cf2go9YulDiHEyekaS,7,0,0,0,0,0
8a39lGQmftE0MngbKCqu,15,0,0,0,0,0
8a3GEC7cPKtx0lI6qYvL,3,0,0,0,0,0
8aIkyv7jJRcWpYOD9Ub1,0,0,0,0,0,0
8c90RlPJHzhmKp1YZN75,15,0,0,0,0,0
8cqDWHrnyKRC2Ja9biQ5,18,0,0,0,0,5
8cXfpniBZaYVAzg5xt19,49,0,2,0,0,0
8db5LXcqCo9SJBVxQ1g0,18,0,0,0,0,0
8F32X71gy4wZrtvmNA6d,44,0,0,0,0,0
8J209kMCyFvWuInbYcio,15,3,0,0,0,0
8l5jU3sPg4MomRFwL9zT,12,0,0,0,0,0
8mAqS5PYhyIwls9t1r0Z,12,0,0,0,0,0
8MFRorIPmY0iKq5Wz4xB,12,0,0,0,0,0
8MSg6ycte4mZsOQL9bVN,3,0,0,0,0,0
8PuImCboM1zNrUSD7OhV,6,0,0,0,0,0
8qCPkhNr1KJaGtZ35pBc,23,0,0,0,0,0
8QqTlOsYx5oLychRPgX3,4,0,0,0,0,0
8rD4bFYzXTVB5IPH1Mdv,13,0,0,0,0,0
8rKwml3nGVhWAiUjDH19,5,0,0,0,0,0
8rSBUFw4tsPubz672vET,50,0,0,0,0,0
8Vaqh6ofRjLcy2CwpEHZ,12,0,0,0,0,0
8VGXzLxvhH0qIltWc35U,9,0,0,0,0,0
8vLGE0QNUBHaK3dt5hyl,4,0,0,0,0,0
8VlJEcmXepIy9RS3GMTq,123,0,0,0,0,0
8w2sWctxOpoIH7VbFREX,24,3,0,0,0,0
8WmlQwgVXPJzeT36c0af,4,0,0,0,0,0
8XwCLB6D3cMFWT9dtKSA,22,0,0,0,0,0
8YRgqWs2wULtCov0pkT5,9,0,0,0,0,0
91GncYPQHMUTaSuZBqxJ,27,0,0,0,0,0
93lsPQvIXLHNfCyY2nVr,10,0,0,0,0,0
93prvATOY7WiulSKUcRm,7,0,0,0,0,0
93QCNLn5FD2pueg7GdXB,15,3,0,0,0,0
93u1tN26E8eySoFxaign,18,3,0,0,0,0
972muzardTq3IUKHODvP,7,0,0,0,0,0
974hJRWKfvXaTtNoqMGl,4,0,0,0,0,0
9C7P6vDFXbryOshpKcfn,4,0,0,0,0,0
9cuvUrSgBCIq6L3p0He7,6,0,0,0,0,0
9DiHIregYkyCL3lzNvtJ,4,0,0,0,0,0
9dYh3wO2WUFAH5f8VyKQ,12,0,0,0,0,0
9eMPNZm0jOhr1SLBDs46,6,0,0,0,0,0
9etf3m1LnKEFTNoSj574,3,0,0,0,0,0
9FfKH0kuryGZqiTmglh7,12,0,0,0,0,0
9fyAiTPMpZvqX6Khnb7V,12,0,0,0,0,0
9gBVZNKoIPkFM8vOp45G,47,0,0,0,0,0
9HAkGKpDrq6hecQZysNd,25,0,0,0,0,0
9hu54PH0G1qoxEmT7AMb,29,0,0,0,0,0
9itfPnyplHZhTb8IMYq3,0,0,0,0,0,0
9jOk8Tn5JMt4qcXmplfx,10,0,0,0,0,0
9KBhpLPe6o13q0QHMjk4,8,0,0,0,0,0
9kcl1e37zbpLWTPhSoiH,4,0,0,0,0,0
9lHyVeXERtIaZcL4kWqM,3,0,0,0,0,0
9M6r8hsleUKTmvfB7Yn2,3,0,0,0,0,0
9MAtXYCG3brN6auwUjQO,20,0,0,0,0,0
9ml614yxaYqeibfruLWz,3,0,0,0,0,0
9MW5Nuf0ogCEcRlYJeKG,17,0,0,0,0,0
9N7hmb2VQnZoJBvLTWlt,18,0,0,0,0,0
9OufdwHvaNyjoQBbePC4,28,0,0,0,0,0
9PDzWKXE735IH8V1hoR4,11,0,0,0,0,0
9PjuhOrlRqxHeQcEBYMX,12,0,0,0,0,0
9Py0kQsvVcHmJe8fZEdT,15,3,0,0,0,0
9rYnHZKwqkfS43RQ5JhE,1,0,0,0,0,0
9SOPAylKjf2HnxEhRC6I,12,0,0,0,0,0
9sqHEPM5v1ZixBWn8mtl,18,0,0,0,0,0
9tmX2JACrdeGWHkY3fwi,28,0,0,0,0,0
9vSJ1dDnwbxl4Fm0By8h,0,0,0,0,0,0
9XRnlJD64Wzy3gNUhkMC,4,0,0,0,0,0
9yEnJoLOWURsBbt2FivP,7,0,0,0,0,0
9yEvV8KfDm3hcUZPqBe0,0,0,0,0,0,0
a1u9v0bUgGqk5nBwQ2tm,24,0,0,0,0,0
a29m3nUocvzC8hBOWkTL,12,0,0,0,0,0
a4lrvUoF016MZ2m7dczE,12,0,0,0,0,0
A4VuQZbt2oGyOkUcvS7W,0,0,0,0,0,0
a63qScpsxBFJtAXjd1nV,0,0,0,0,0,0
A6RirTm0V4X5OcaS87e2,13,0,0,0,0,0
A7g1E4jMhaFSwliBqHnX,4,0,0,0,0,0
a7Niv6pD5WPycnQK1TZ8,12,0,0,0,0,0
A8hKH57o1Fj0ZgI4q9QX,3,0,0,0,0,0
a9qc1ZCzupOiSsjHdx8e,12,0,0,0,0,0
Aa9zCWtbpOo750IlMRdY,12,0,0,0,0,0
AafDoztH3lGEhknjFZJM,12,0,0,0,0,0
Ab76U0fJanpo2QwxVN9e,6,0,0,0,0,0
ABDGLcYxIh1efOnq98vg,4,0,0,0,0,0
ABedwUfPmn9jv5YNbykK,4,0,0,0,0,0
AbnCYsqpKWGyQE2vh8DV,10,0,0,0,0,0
Aci3M7yVmTuk2SDgNrRw,0,0,0,0,0,0
AcIxJCZRTFUpaHove6Qf,4,0,0,0,0,0
acsNRgv9KxMnXAE2YSI6,4,0,0,0,0,0
ACTK9tVJunILfsYrwyFh,16,0,0,0,0,0
ADeT217ZFlhNGQJV4mHk,47,0,0,0,0,0
ADHdmfR8J6Ebko2P4lqI,24,3,0,0,0,0
ADIq5LFowdEuPMOGXVcl,6,0,0,0,0,0
adrSTjE4bxs63w0oQR8U,7,0,0,0,0,0
adxTjKLeEt0HFnUJq1BS,7,0,0,0,0,0
Aep5gJWMNi4P2OLaIV7S,25,0,0,0,0,0
aeS2NqfM8tWdDKUsQgR5,3,0,0,0,0,0
Af0aS7YtTvMFG5jhOquc,4,0,0,0,0,0
aFjtGgxzWAseZRiLJK8I,12,0,0,0,0,0
AFY7KdVJNL9ng4pjk1mx,6,0,0,0,0,0
agqI7DjH6FXER2dNJwVT,37,0,0,0,0,0
AgSXb01HILY3mVwfnesd,0,0,0,0,0,0
AhEcNQy9nYHdfzZreoX1,17,0,0,0,0,0
ahwFAIPcS3yxg1j02KCJ,21,0,0,0,0,0
AHzQrG8e6qDat3lpK4M2,28,0,0,0,0,0
AiaszSGJFhg0wbtyR8Op,6,0,0,0,0,0
AiBpmbGDE1zPYOT4usqd,6,0,0,0,0,0
aIGXWDVUyzTcrYAOeBgP,7,0,0,0,0,0
aiIz8JfYMyPvA4SG6HUO,24,0,0,0,0,0
aIpSDAY9T3rsCwV06Xue,21,0,0,0,0,0
aiRmPYXZnQNA509cpthB,15,0,0,0,0,0
AithdqZTbgGjRulO3Lz6,24,0,0,0,0,0
AIUyufsTl4xF6BHvVpwh,18,0,0,0,0,0
AJBxQN3qer6FYj1RkbdU,13,0,0,0,0,0
ajLmuChQW2E3inYtepOH,9,0,0,0,0,0
ajpIxyzuMmAlJ9cw2HTY,12,0,0,0,0,0
al2koZ501X8hjATSLqgf,6,0,0,0,0,0
AlkG3guJPUcqyBadfMFH,11,0,0,0,0,0
alNJ9v5fdyO2QXruVFsp,4,0,0,0,0,0
aM6vieFrUBwbg8PdWp27,13,0,0,0,0,0
Am7nEVXHePkCtqsdfzG5,21,0,0,0,0,0
AM9IXU1wJ5PHfNqoVyxa,10,0,0,0,0,0
AmPVn2SGUxg8IT3BDda9,0,0,0,0,0,0
AmtQlj9uTKxJdONGWca4,50,0,0,0,0,0
AnLTgxmeksSPClNiQMJv,18,0,0,0,0,0
ANPyxi13XKGvsF5zlQqW,26,0,0,0,0,0
Aoa1lgwOyETuRGsIHCe3,4,0,0,0,0,0
aOtVNG6x3empWgK2Zcyd,38,0,0,0,0,0
AOVMlEpXa3N2Tj581QGc,4,0,0,0,0,0
APHtWI0Cm8T2yK9ZeBFM,6,0,0,0,0,0
apzPxCsQNhElHbFGBLk3,9,0,0,0,0,0
aQUM2OeWo1PwkhzsXv4x,4,0,0,0,0,0
AqwKhntSpCI56vsH7WZe,28,0,0,0,0,0
ArX2JQ5sNDhb0lyMoqu6,15,0,0,0,0,0
aSbnYdE1tq0ivTpCKzFs,47,0,0,0,0,0
ASDe8bT2BYWLwnOmqFJX,21,3,0,0,0,0
ASEw3L0HqWMePiy1uKxc,20,0,0,0,0,4
ASod6eiQyz17bRkglJ5q,7,0,0,0,0,0
AtMdKfnuLBgoj17xEsqY,12,0,0,0,0,0
Atpz1WjXkcIo7l5TPh9Y,1,0,0,0,0,0
atyecAsOdg0rzCXHNvxT,6,0,0,0,0,0
AU1Y7aLp3ryXsnWN6oHQ,12,0,0,0,0,0
Au5EYTxqCHhdtjBXJfsp,12,0,0,0,0,0
AUdusxNDrKT41q6GimcS,35,0,0,0,0,0
AUHE2QB3peXGCJ5FMcK0,8,0,0,0,0,0
aUufGnCVsQDZogv7wHiN,12,0,0,0,0,0
Auv3RhZlU6tXcdDQjg2i,61,2,0,0,0,0
Auv9HCxOZViJnjMaSIt0,9,1,0,0,0,0
AW0VsbwKSIHgXBZupjGP,15,0,0,0,0,0
Aw5bfaXUP67lZN0cjzqO,18,0,0,0,0,0
aWXfqViyPYSJHGwOeM07,68,0,0,0,0,0
Ax7iuDgF38YaQMmX9wVG,13,0,0,0,0,0
aXbDi405xeqQynl69Yk2,12,0,0,0,0,0
axmjW0H3EnB9JRdSibKY,21,0,0,0,0,0
aXRV9MqCorizGyKJUep0,12,0,0,0,0,0
AXvM7mlBfJ8eHVDcspNz,34,0,0,0,0,0
axVyZFikJAs2RWgrB37u,13,0,0,0,0,0
AyCpqod2kgXKjOnlEbvV,9,3,0,0,0,0
aylR8xBNVPfJ4eICGLDM,32,0,0,0,0,0
aYOGVixvL1rIfUSjBtQq,12,0,0,0,0,0
AzlMdBSOuma253te0bjX,15,0,0,0,0,0
B0QeAmgHpSR3Gi4FDTZl,14,0,0,0,0,0
b28VuAYhaez0lDPtc6kT,0,0,0,0,0,0
B3F57b1RXv8cuGZifynU,24,0,0,0,0,0
B7yT9jiIw8OkC3SMlRAF,18,0,0,0,0,0
B8JrNPWkKaxyn5ci1qYb,79,2,0,0,0,0
B9Er5flSnY8GPoFJb7vz,18,0,0,0,0,0
b9PJ5cCeBG6NOymu3pfX,15,0,0,0,0,0
baFEBY4n92ZshpjgdGTc,91,2,0,0,0,0
bakvuMgD2Xfh7JOTKQwm,23,0,0,0,0,0
bAPu2lGC9t5NF0EvZU7H,27,0,0,0,0,0
bB4ZncTErxm083fAs5HL,12,0,0,0,0,0
BC9hzqbTa0OIsePYiND6,18,0,0,0,0,0
bcPYJlirNt5k8ye90UOE,22,0,0,0,0,0
BCw58jIVumFW43RExqJk,4,0,0,0,0,0
bDHk4ziTdugcp7jAZlE5,15,0,0,0,0,8
BdonVvH3SC2IFgc6NQTh,4,0,0,0,0,0
bDuyza0fBOtQlPNFHnAJ,6,1,0,0,0,0
BdZYrUSpnXvyITwgOi4H,34,0,0,0,0,0
beDosHq791jFfRElVdmi,24,0,0,0,0,0
BEDxazQfwP7s615Vdvpi,4,0,0,0,0,0
bfcBD4vaOtUJG6K5imqx,25,0,0,0,0,0
BFIzDn0r5aKum4ibGtHP,28,0,0,0,0,4
bfkwFMeNh1t5dCjuyROK,12,0,0,0,0,0
bFwlXdoNrsPiWEkZBOva,24,0,0,0,0,0
Bgd518FpSGfwvekMYxUR,18,0,0,0,0,0
BH56lpgQn32eUyJDFImv,15,0,0,0,0,0
BhQ38lHiDYTZUVbyonKF,29,0,0,0,0,0
bI3lF0LxVd69TQoWM5jr,21,0,0,0,0,0
bIC9f4xQYOm3SMpvgtWD,12,0,0,0,0,0
biR27No0uO3zlPjqGfJw,27,3,0,0,0,0
BiYN91OHbgmVJnjuDyGk,3,0,0,0,0,0
bj1D4GtRqlJwX9ypBE2g,15,3,0,0,0,0
BjrkNJeI9HMb5lOgpC26,6,0,0,0,0,0
bJvcld8YQ9OxDAnwtSfp,4,0,0,0,0,0
BJxWKlM3u74OAEkSoysr,18,3,0,0,0,0
BkI0DfGqsHhejTp3v1RP,8,0,0,0,0,0
BKt5UQleYWvJrx4N9R62,26,0,0,0,0,0
BlFYTKkD0S9Ox5vU84X2,4,0,0,0,0,0
Bm1b7W65puvrLdECVkay,12,0,0,0,0,0
BMjeIFGzP6U7qpW8YAHC,15,0,0,0,0,0
BmMDeyRaJzQ39WPK2VIs,27,0,0,0,0,0
bMyP6iXzCaWhKGVZFqnl,4,0,0,0,0,0
bMZdDnzxyquvFwS8J6KI,4,0,0,0,0,0
bN3kfMQKxw5iLAydtaEZ,21,3,0,0,0,0
Bn3MOp6gHdfLz8PboiJA,15,0,0,0,0,0
BOeTymAhdfoYM23aj5Xr,15,0,0,0,0,0
BoQniFqe8vAE19rXDy6L,10,0,0,0,0,0
BP1r4aHtfY2evFbukXZL,12,0,0,0,0,0
BPecs2CSaTIjW3ExVlyz,4,0,0,0,0,0
bpIA0CvVdmQcEB2oisqj,10,0,0,0,0,0
bpVDY17A6qN8IiHZyBmo,10,0,0,0,0,0
BPx5vIDXAmLkOiR1Ec3e,12,0,0,0,0,0
BqMf1a4lXre5iLzPZh7j,29,0,0,0,0,0
bQoNdlu0zvWihMaDkZ64,12,0,0,0,0,0
bQVJ7HpnSC01EI4PNzwy,10,0,0,0,0,0
bQZP8pT9VRCnk0OM2Etu,7,0,0,0,0,0
Br5kJPaoUAEHjGcINVtS,9,0,0,0,0,0
BRcPd4zStO9XVsnayUYw,6,0,0,0,0,0
BrjnTVGRdhciKsH9Ytxo,22,0,0,0,0,0
BRkJYSwtpVQZ1fj76h8U,24,0,0,0,0,0
brNWoe6SZBdJPw83YAuj,10,0,0,0,0,0
bRoM4EpjukSGXwAlZ6zn,0,0,0,0,0,0
brsxDiLaBgj315Emol4K,28,0,0,0,0,0
BShUIfCj1Z8recsNWYT6,8,0,0,0,0,0
bSKx5RYr13dPteiJFgmU,4,0,0,0,0,0
btnjxGM0mzXWZOys5N2r,15,3,0,0,0,0
Bu4azJQyljTOX3hCn2AN,18,0,0,0,0,0
buhAOQaykEJtsIZoWjBp,12,0,0,0,0,0
buqKNv0RSThA9sF51MZe,4,0,0,0,0,0
BVSv2EQDiNfR4OxL60l5,0,0,0,0,0,0
BvU3AbFVu1awtI9QGzhR,18,0,0,0,0,0
BvWnd3XlLYb1QGAyP6Zf,11,0,0,0,0,0
bxdM9LUoRTGO4lvaAmPt,10,0,0,0,0,0
BXKmeITqa7cfsyYEdpFS,12,0,0,0,0,0
bzmIweixPWfjVQXhO3r4,0,0,0,0,0,0
Bzyp1k9xuJK3nWLsPCSa,23,0,0,0,0,0
C1Dr4KzRJ2pN0jqG8lAI,7,0,0,0,0,0
C1OlcN2H8W0YATqZxipn,27,0,0,0,0,0
c2WbVqndpY9mhHXgRTti,8,0,0,0,0,0
c3Lx2VdawPgOrFQK7ElZ,15,0,0,0,0,0
C3UeqDSpcyuTg0WsGvZR,3,0,0,0,0,0
c5spxZQXILnKO2ywiNSB,10,0,0,0,0,0
C7zrE8PH5XKtM4n0uYkT,4,0,0,0,0,0
C8gwzSJAW9vquQ1pnLEf,12,3,0,0,0,0
C9hHuINUVJqk1zo5pTQX,36,0,0,0,0,0
C9v4X6YHwZkNh0GmUiTM,12,0,0,0,0,0
caL7sn2qd4JwxlrpR0BP,4,0,0,0,0,0
cARj7FrG15WHEQikbmBU,9,0,0,0,0,0
cDa5BKpzw9GqnArQfZ1L,4,0,0,0,0,0
CdBnaqstfPMA9NXroOJh,29,0,0,0,0,0
CDFibvHczSl9akfOEBwo,23,0,0,0,0,0
Ce6ZVRzOT907NYXBqD4r,15,0,0,0,0,0
CEfkRZXa14zAWG9Duqvc,0,0,0,0,0,0
ceyIk4f0BRUiar5bLJ8l,4,0,0,0,0,0
CfSF2urLkdAX6MbzQiIa,1,0,0,0,0,0
cGNfA8C9wh1R5grDKQjX,34,0,0,0,0,0
Cgq3TizwBXpnk7b8a5Qs,30,0,0,0,0,0
cHnxoFJRgXl4GSMD6bLU,29,0,0,0,0,0
chVqtrzIORSJkCwu2KfQ,3,0,0,0,0,0
ci6Su0WdoDLIG5vnJhay,5,0,0,0,0,0
CIJ1f70KSNDz8ZyoRFEH,28,0,0,0,0,0
cikBKN2eQY8WXfCHvnI7,12,0,0,0,0,0
CjRMQY0S6LdUWNGaExPJ,18,0,0,0,0,0
ckaHuew6QN1dhb07q2V3,0,0,0,0,0,0
cKFOX08ZxoVbayIReAvg,21,0,0,0,0,0
CKrbqFAcTZ76hV0sz1jR,14,0,0,0,0,0
cL0AkjRPF3NndlTDxe1g,4,0,0,0,0,0
cl0W7xzTAYj9CEXJkS8Z,10,0,0,0,0,0
CL7wiUdlhOvgaJesfrmW,15,3,0,0,0,0
clCOkQxvBKzwWaPZ5RSH,5,0,0,0,0,0
CLJUMfrb1jF4VliXSuTB,5,0,0,0,0,0
CM0B6DmviQhWLzTuHRnV,10,0,0,0,0,0
cM2qiXmpHhuag3r1RUIe,0,0,0,0,0,0
cmB0E9b6iIOMK8kU3nrg,12,0,0,0,0,0
cMF56QT2zH7t1KpfAy8e,21,3,0,0,0,0
CMKpr6JYU4Rw50XBDHVO,18,0,0,0,0,0
cmWUeA4FBR9laODHVhd2,15,0,0,0,0,0
cN908Z6lWsCeQT5U2Kvh,47,0,0,0,0,0
cNqPy69uQHgF3DOU14G7,12,0,0,0,0,0
Cocz51rsXakGETheDUbH,12,0,0,0,0,0
CofyHkdmFVtYO5KWJn46,15,0,0,0,0,0
cOGaJdDyevIn7XBouj5U,12,0,0,0,0,0
cOhKH3t2zyUwRFNVQfs6,15,0,0,0,0,0
cOKeokjEfm24N0u3wh19,3,0,1,0,0,0
COntTlwPvaG3p4hMSJqI,24,0,0,0,0,0
CoRKPEY5OTu7B0NUgAvQ,6,0,0,0,0,0
cPBMG2HuL1CaNgbSE8iw,10,0,0,0,0,0
cpdsREmet3FyD1oYZVIn,12,0,0,0,0,0
cPo7FESsJQvVNqmaOiIY,15,0,0,0,0,0
cqGxW3T4aujrSBlIEzX9,18,0,0,0,0,0
cquHZ28hReUoI4aJGKin,0,0,0,0,0,0
CQwNADZxFXBh9fUlOuao,33,0,0,0,0,0
cqZbg3S1xV7vfUCudmks,9,0,0,0,0,0
craPXWx5M90jq1smZoKA,3,0,0,0,0,0
CrEMlOGaB6feRx3J20iP,12,0,0,0,0,0
cRsXVg26e15oik7JNjE9,26,0,0,0,0,0
cRVOyGEn15HNAJClPU0X,13,0,0,0,0,0
cSEgrupo7tj9hLIb54PX,37,0,0,0,0,0
CSrozOlLw7i4FR5hbaEn,15,0,0,0,0,0
CtGcyhMJk3wNe9BU08LY,15,0,0,0,0,0
cTZaQl81E3qRPifYNIhD,21,0,0,0,0,0
CUw6LiRTAg0ZVM8X4p3P,4,0,0,0,0,0
cwWFfNAeLChbKD9mRd2u,21,3,0,0,0,0
cXp7BCts2QybOiNEwHzY,12,0,0,0,0,0
cYIil3ZrukB1pV8Uzo2w,34,0,0,0,0,0
cyuBTQ0SUwpF3jfPeLiI,13,0,0,0,0,0
CZ2gJmqpoi0PuKQnxfHw,6,1,0,0,0,0
CZERL3GtjlXBSK2QidO6,3,0,0,0,0,0
czJZ9CWIe8B5T1lNXhMf,24,0,0,0,0,2
CZvcR8GBrn5JIPdtqz1Y,4,0,0,0,0,0
d0jkP2OD83C4AmzKtE9g,4,0,0,0,0,0
D2TGLaizwXHf3YjNJ1pv,0,0,0,0,0,0
d2xiVKZe4JTgBQSkOntW,6,0,0,0,0,0
D34oHsTMkn7vaOWFQUy8,10,0,0,0,0,0
D3jQCuyHtAEkisVxw7Wd,5,0,0,0,0,0
d4ABW7XyvPzItZuoQ6MT,20,0,0,0,0,0
d5GCPxQuly4m6hEn0gqk,12,0,0,0,0,0
D5gTOIGAk81460VUqlye,5,0,0,0,0,0
d6D27zlaQs4EWPKkVHvB,15,0,0,0,0,0
d7czUVqJApx6WEj4ownT,8,0,0,0,0,0
DAa96Hpgn1Qfjd2mFCrE,12,0,0,0,0,0
DaL5EU7cJxGbqos4Tukv,10,0,0,0,0,0
DAr5hm7i84gJzEWTUoeG,12,0,0,0,0,0
DB8EFIgyArxWuPN2jXMf,4,0,0,0,0,0
DbAU9EVq0yd2C5cw1ihM,4,0,0,0,0,0
dBGtYCewZ8IpWsUmyNQV,4,0,0,0,0,0
DcgUNdMzXlah1kbxiYtv,4,0,0,0,0,0
DClx6p7OIkUwVmNYajhB,18,3,0,0,0,0
dEabFQq0yznt5eID378R,4,0,0,0,0,0
dEeZWOx1rz8VsJ94BuPg,10,0,0,0,0,0
DeHCJiGlVcRg1E7j28hf,24,0,0,0,0,0
DfSa4jlAyFPkXQpTbUoY,18,0,0,0,0,0
DFswkTNWm6lStz1h0Mup,47,0,0,0,0,0
dg1AyKiHqjFwVOln4sLa,15,0,0,0,0,0
dhFnCxfamsLvkubPZyjN,28,0,0,0,0,0
dHjMq0s9tDrBS6Fp7TuI,52,0,0,0,0,0
dhS5TXjYM0yLufrw3xgo,37,0,0,0,0,0
Di0ceNElhvZrdMRgbyYX,19,0,0,0,0,0
dI89k371NKgURwFqsOBy,18,0,0,0,0,0
DJ1XTklKAM6d2YfigaQb,12,0,0,0,0,0
dJ326HRzYfn0DZIPhjMv,6,1,0,0,0,0
dj7GfVSTmo3Hkv46Wiah,0,0,0,0,0,0
dJVXOqTuk80ZWBleDc2Q,32,0,0,0,0,0
dk4HiPSRzsfbBGVMqNac,18,0,0,0,0,0
dKem7Eif3McSwNx4CXvs,12,0,0,0,0,0
dkKpMxca0OQmUTFq7VyD,16,0,0,0,0,0
DKs0lpax9nB8gS3XRuEb,4,0,0,0,0,0
dKt4HhezElT2nBIP6c5F,12,0,0,0,0,0
Dl76jatFczZmsKedJ1TR,28,0,0,0,0,0
dlDuzi87p9eAZtUE4w2G,15,0,0,0,0,0
dLKYot9Ix2Bib1DZerGg,4,0,0,0,0,0
dLU5WbCiGERMHjS20spY,23,0,0,0,0,0
dLUoZ03Xqh5PKMyflOBj,17,0,0,0,0,0
dlWuKQ8saoCgw0ISYPjB,15,0,0,0,0,0
DlWyNoHdb1jAeGCOsaVU,4,0,0,0,0,0
DmCaN6PGnJpsWuMcKo8t,17,0,0,0,0,0
DMtdk84SP10RYjaZEUxz,6,0,0,0,0,0
DNBtPALuVrzM0Cd3mwcl,9,0,0,0,0,0
DnJFtCH7gTMIvWYlAxcN,15,0,0,0,0,0
Do9QfaXw52dYzcFipUeq,35,0,0,0,0,0
DohL5RXbrCuUNZtM28x7,20,0,0,0,0,0
dONo5qIgbC4PZ9yW6QSl,9,0,0,0,0,0
DPE5t3oT6Uu9mZIHNlKh,23,0,0,0,0,0
dQ5kFDwP4ByqU3tnLTZf,0,0,0,0,0,0
DQ6WlKRIEGM4BF9se1zg,9,0,0,0,0,0
dQbqMtOsVYrWDIvh8k2S,15,0,0,0,0,0
DQJfl0CT3gvt8pbMqHyX,0,0,0,0,0,0
dqXuSezv3IJWonmGFUAp,14,3,0,0,0,0
DR3eyfHBIJgK08krA1CT,0,0,0,0,0,0
Dri7s2veJT4hj0R3aHkf,0,0,0,0,0,0
DrNO6fVRJLoqYK4Bkdy0,21,3,0,0,0,0
dro7GYJlVhXbT4D1SpCE,10,0,0,0,0,0
DRskLvzQ13yJfr8McnwC,4,0,0,0,0,0
dRYGQSA8TrmIPtabWNeu,15,0,0,0,0,0
dS6yJEktRlWQsBaIFYCp,12,0,0,0,0,0
DSd3HQnFN7iUAxbYBEju,4,0,0,0,0,0
DSWecTduKPtZNQoVR8qh,0,0,0,0,0,0
DT2t5JMrWnp3gmuhLBc8,22,0,0,0,0,0
dtyLupxMfEQVX10JwvWl,7,0,0,0,0,0
du6hbLIPwW2aGYZkNRQV,12,0,0,0,0,0
DuejROmZzVTIyQi1rAF9,28,0,0,0,0,0
DvdM5Zpx96qKuN3cAt1y,10,0,0,0,0,0
Dvs1tiIfjYZJcV0dT2rS,22,0,0,0,0,0
dW7PwfxAsy8HLFn3NXtB,24,3,0,0,0,0
dxIuyOrCZ4qhMFz9S5sX,26,0,0,0,0,0
dYAObu2FDVoXmvTt5UjG,0,0,0,0,0,0
DYifKtF806I7JjkLHZgP,10,0,0,0,0,0
dylV8BXRwaktCjHW1o0n,16,0,0,0,0,0
DZjhF1wR4cWbKLMsfUQH,4,0,0,0,0,0
DZQHOmU7IVc3KWMbzJCE,12,0,0,0,0,0
dzValPwcOHZhJISqyp8T,4,0,0,0,0,0
e0ujNRMU2TxqD4rfAXaF,10,0,0,0,0,0
E2L74rVJjfs6qKoy50cw,7,0,0,0,0,0
e3HSBfTA9MXzhEN2qIpL,12,0,0,0,0,0
E4eSC8pqYdrkWfBOtFv5,0,0,0,0,0,0
e5j9ZOvH0tJ6TAg4x2WR,23,0,0,0,0,0
e7FhuKwUW8LfMA2bxEDl,6,0,0,0,0,0
E7JvkZyTKF6fhWBUrosV,12,0,0,0,0,0
E81Gh6njYcyxT9UtPK0u,9,0,0,0,0,0
E8hFMgxcp9DAb1qGwQtB,4,0,0,0,0,0
Eazj0IX9b3PmLoA7SHg4,12,0,0,0,0,0
EbBqJ7rOtZ45nIlxhKfc,12,0,0,0,0,0
eBDOvM4fUQmy0XEhracH,10,0,0,0,0,0
ecFS36DyA9qlifz0NCub,9,0,0,0,0,0
EdT3lQiGHbzmrX2L1NgD,0,0,0,0,0,0
Eg0QLdf5AyMFwxo1K37H,8,0,0,0,0,0
EGDX0iWUK8h2jT51sFvA,12,0,0,0,0,0
EgeBpshOLYbwyu0ZdrvX,35,0,0,0,0,0
egFM4CjVl8Bz5pbN1Ux0,12,0,0,0,0,0
eGMTAm0csZLI9QbJpCUY,0,0,0,0,0,0
egnhwcvsVjWONCU8t2Ju,0,0,0,0,0,0
eGwk8W6m4NIzsAaHvfx3,0,0,0,0,0,0
EgymHkwfrqWDp28M7dJe,6,0,0,0,0,0
eh7tKw0LaQpW2mgUAOVH,1,0,0,0,0,0
EhHWtoiAX4kZp3s7wVUc,36,0,0,0,0,0
EI4Jgyofj8CHR0ts59Ur,12,0,0,0,0,0
EiD3lRHWhCw4zY9SjXVI,18,0,0,0,0,0
EIhBgus4WSiDFQney0cp,47,0,0,0,0,0
EJexdbnNPfwsgUp4GCQD,12,0,0,0,0,0
ejK1lrfCdNmypPw5suUk,8,0,0,0,0,0
EjLnZ7ke8hyYIqxlJXD5,4,0,0,0,0,0
ejsbn3tEcUuJAqhpgiQx,4,0,0,0,0,0
EKmgShQsf6a9vY0znNlU,0,0,0,0,0,0
eKRtEmTYVj5ZSNWMdcig,47,0,0,0,0,0
EMK2iukONroQXYWSv547,41,0,0,0,0,0
eNhamfpF47A0WXjSiTqk,10,0,0,0,0,0
eoAlNd32LZGSPItn6mTM,10,0,0,0,0,0
eOvS6EBmctN4K3guC15k,6,0,0,0,0,0
EoVyBA2z0NjdkWlqfMQJ,9,0,0,0,0,0
eoXQqrKilxvJna70cjDH,8,0,0,0,0,0
epLtlBgqxYo6VuTAwf2n,12,0,0,0,0,0
epR84xcmivMYAn0Nlkzh,9,0,0,0,0,0
ePzxjFayC48I0Xb9kuS3,44,3,0,0,0,0
EQ9XCpb8NMh2ql6Ki4ky,20,0,0,0,0,0
eqMtk743YWi6Dpm2Hab1,15,3,0,0,0,0
eQVmTuqlHYXLJ6DBCsg5,10,0,0,0,0,0
erlwZD3QgycGvFXsMpPd,21,0,0,0,0,0
ers73VJzBQHoYxilUdt8,12,0,0,0,0,0
eRVLGHqrwDSMx1p8XKI9,13,0,0,0,0,0
ES1omtPjaYebMi0JvOny,3,0,0,0,0,0
esaXkil2E04B7Y1ypNwK,12,0,0,0,0,0
ESoHvWkbZ4JgwzlFK6uA,12,0,0,0,0,0
esPBa5nQFc0qIyZ3VMhr,15,0,0,0,0,0
et8JFZUipOPKBl3DsEGo,14,0,0,0,0,0
EtGBOKD2bpQI3ZwJRPmc,21,3,0,0,0,0
eTQhnbRXam27Kwqj1MUy,22,0,0,0,0,0
EtTS3Gokxb49ghP8daVf,12,0,0,0,0,0
EUsYBObJ58dXKutacDx7,12,0,0,0,0,0
EV47jvH9kYtBwocrbJ6N,12,0,0,0,0,0
EVb2miqJLBj4kTlfzwvS,12,3,0,0,0,0
EvjemDbI86FNan4AQf2P,4,0,0,0,0,0
EWhzrqv2D3kBYb6SKpUl,12,0,0,0,0,0
eYCKNDlUQgs6cZOuoP4j,12,0,0,0,0,0
eYwtJkx9a6dBz7ChZb43,12,0,0,0,0,0
ez3yDwEmqdTGY5SMv9Z0,4,0,0,0,0,0
EZ7FwiO2p4DCrH6SJYBT,4,0,0,0,0,0
EZGSdcyL3bCHQaFDNo7n,15,0,0,0,0,0
ezHTxiry7cw5dsY6NjSZ,18,0,0,0,0,0
f0NLCiRGpDTU3dlZmSEs,18,0,0,0,0,0
F1BvgrkuXq6zEfUsHAVG,35,0,0,0,0,0
F1Gznj82acfQMmHNRLAE,56,0,0,0,0,0
f3QCengcsa0o7KlZyX1r,6,0,0,0,0,0
f4BqH0J1xLkYKI3TEQWm,0,0,0,0,0,0
f4jUEqOubyIYo3Fa0PVC,30,0,0,0,0,0
F5nJCOIi49ZHxkAY2bBz,13,0,0,0,0,0
F5seRNPKIpdXGfZCzVcq,4,0,0,0,0,0
f6OSXzVv5aDQPjGYrEA0,4,0,0,0,0,0
f7FStL5cPTXbQkoZDduC,4,0,0,0,0,0
f7L3tzZJEbS52NTgoX9l,5,1,0,0,0,0
F8bN6Gx0wTRZWsHI3XLO,13,0,0,0,0,0
F8CeVXzxLhnjo0BHATPZ,10,0,0,0,0,0
f8NM0viCIaxQbBG1c7rh,4,0,0,0,0,0
FAVY3yOcIPEk4BdqXgr1,18,0,0,0,0,0
FBJC0htji5egyV1RPnHS,12,0,0,0,0,0
fC4O8EsYumjHKJlRyPno,15,0,0,0,0,0
fcId81lTeFim0jMzXo6R,18,0,0,0,0,0
FCVlU4vTjmHoun5QE9s7,10,0,0,0,0,0
fCyAxOnr8lFhsXuNeEkt,12,0,0,0,0,0
FDHjobQnCUSs6atXldJL,4,0,0,0,0,0
Fe4yEv8HmfLTBQuigKC6,12,0,0,0,0,0
fe9snrXGxKw1L28tDpRv,41,0,0,0,0,0
fejvONdZz12cthT8xKlo,24,3,0,0,0,0
FfmsbQcv6V3rGdDLBNXM,0,0,0,0,0,0
FfvCzj8YXUbDsLVARQmG,12,0,0,0,0,0
fGL0FWUZNaCElQ8nIiJ3,19,0,0,0,0,0
fGwEMeBFc0JUlpKHONsa,67,0,0,0,0,0
FhLibeNQqV4O8acZvtJ7,15,0,0,0,0,0
FHMwlc0VNIkOTe54UEJL,15,0,0,0,0,0
fHWo9xSpPTFNQ4bRYgXE,3,0,0,0,0,0
fi4BrAl2QgjNsaubUJSE,39,1,1,0,0,1
FIc3eX7mViuBPKTAlCr0,7,0,0,0,0,0
fipEGw4uPW2cTnos7vrM,12,0,0,0,0,0
fiwJGn6gUtXlk1NZoFAS,15,0,0,0,0,0
fj5YpGb4WZea7RCP9Llm,12,0,0,0,0,0
fJNIFnjPxKEvHemRBYsg,6,0,0,0,0,0
FkThbmQlgnjGPdV3p8vB,22,0,0,0,0,0
FKxO8J75rj3Cs1od0yTX,12,0,0,0,0,0
FL235qiOsXfm9WlcCgzd,8,0,0,0,0,0
FLBerci0hxEK1fYtUon5,15,0,0,0,0,0
fljGbXsC06zBq8JZEv79,9,0,0,0,0,0
FlnjSwYHGacRZVz0J1NP,4,0,0,0,0,0
fMeAgYJFGl8HSPm7uzEI,36,0,0,0,0,0
fmMK3AFYZeWEDPk4sLH5,14,0,0,0,0,0
fN41R9SVgavu6tQ7lreY,8,0,0,0,0,0
FNAVfQgh4a6k3lUY5ZcK,0,0,0,0,0,0
FNcHdxXPKB9kVMnOzSm2,35,0,0,0,0,0
fnHDty72dWwjkXgYqUPA,3,0,0,0,0,0
FNk5ufg4GxHDLUpeOBmo,18,0,0,0,0,0
fnuUPBWtXN7bSsMvRDem,18,0,0,0,0,0
FnXVjLgJDclyUw9h213B,15,0,0,0,0,0
FO8AGC1wIeKXcaH2gnhJ,34,0,0,0,0,0
foaW2s9e160A5kjJVcKx,12,0,0,0,0,0
foWjCIUpHk4tEruJlBGc,4,0,0,0,0,0
FP3ITxh0a4rBOp7lQZ6E,10,0,0,0,0,0
FpbBkjtGeV93UvlqCT5f,15,0,0,0,0,0
fpGiAdaLBWESygDbOq7U,10,0,0,0,0,0
fpiZ6no01V8gydTe4UFw,0,0,0,0,0,0
FPrCDVSpITEWtUyMuozc,21,0,0,0,0,0
FQLZtVfKGT83YewqPjiI,4,0,0,0,0,0
FQv3gdPzs1ayVCXuYcWR,15,0,0,0,0,0
FqXM3PGfdhTr0xgj7y4R,16,0,0,0,0,0
frcDlXdshQYGCyKa7LjA,12,0,0,0,0,0
FrfWM0OlI5XwyoQBnutV,12,0,0,0,0,0
frgtup5NAaT9qRVDj4hO,3,0,0,0,0,0
fRGWEv9TLIUOnhj0YV35,39,0,0,0,0,0
FsCzyGSN5qLRDgxh81if,4,0,0,0,0,0
FSqi0ZaPveb5jMxtBcfs,27,0,0,0,0,0
fsSkgPTQNj8LKbvAZMtG,12,0,0,0,0,0
fT4RC3LwYxDib5K1EOX6,15,3,0,0,0,0
ftHnLEAd5NPxpiybvqaY,5,0,0,0,0,0
fTQ1XmiFekwZsISxNzlR,12,0,0,0,0,0
fTWrspAEHwnNFdCh57oV,13,0,0,0,0,0
fU4l7Lc8jnyxRewu1okV,18,0,0,0,0,0
furjbFsqkwKzaNxB3RDL,21,0,0,0,0,0
FvEJe7LOjwDranG2tcf9,12,0,0,0,0,0
FVmO980BKzIHYiGUscDx,17,0,0,0,0,0
Fw3QCzKGsD9e86pgLiIm,4,0,0,0,0,0
FWLJQbmnM2URyBv4P38O,12,0,0,0,0,0
fy0va8HcFThxnBX5UMbE,15,0,0,0,0,0
fYECMU3kwa4u1rgtNPod,15,0,0,0,0,0
FyIcXN7Z6SQojdgntUD9,12,0,0,0,0,0
FZhGnySKIx4prT8YmNWR,15,0,0,0,0,0
g2pvrdbPVLKz408xBXef,37,0,1,0,0,0
g2xuLl8TswtIEb7SqfXD,14,0,0,0,0,0
G37jI5Fu8YEJVgWhiKCQ,15,0,0,0,0,0
G54U96frYb2CLIOSpMyX,0,0,0,0,0,0
G68a2QiCMsvf9JUWdlND,4,0,0,0,0,0
g6YuB4D2RCwjUHmW31GZ,15,0,0,0,0,0
g6ZYW8n9iJToNFMS7QAy,38,0,1,0,0,0
g7qEpdzW3mhFL1Tf0kHV,12,0,0,0,0,0
G8ukS97hQUnO13ZIXoLM,15,0,0,0,0,0
g92uBMP7wqGFvszXjQot,12,0,0,0,0,0
g937V6FUYlT0PybHMEin,0,0,0,0,0,0
G9ItnR8HegBwlxEjDy6m,4,0,0,0,0,0
G9jfR1PvIhwMx2Wts43b,6,0,0,0,0,0
g9MVAiYzLpkEl81buc4W,18,3,0,0,0,0
G9MXfcb4iVKa3BeN1SLg,12,0,0,0,0,0
gadc4pf8XmvzYSNTyOMF,9,0,0,0,0,0
gaYrbUuHQn9w5q1OdMcm,20,0,0,0,0,0
Gbf4Z8pqFsrxyKVQOcWg,16,0,0,0,0,0
Gbs4cQpR5JWdFhBIVKHl,0,0,0,0,0,0
gBX47iCvYrZVDqpHeAab,21,0,0,0,0,0
gC2GsRX3ewpQyvjO0Hb4,0,0,0,0,0,0
gCJk0uacmvlBAosn74b6,12,0,0,0,0,0
GCoiXh8BY0Nl4jO1P9zL,12,0,0,0,0,0
gCSrhptYyd6vfQAZXcwE,4,0,0,0,0,0
gDYeNAplMujwPtU0qnJW,24,0,0,0,0,0
Ge7L4p2hWV3zuMDRmOyQ,15,0,0,0,0,0
GeB24sD0kRKbZFrSdpNw,6,0,0,0,0,0
gelhQLoiRE0HZTOI2fYv,4,0,0,0,0,0
GewamPurl6D0Fs3zvbon,3,0,0,0,0,0
geWrd0Rkc2AsuVBJESwi,10,0,0,0,0,0
geY51xavJjMGPbC9Hikt,4,0,0,0,0,0
gEZCMz90lrmI8cx37FNT,31,0,0,0,0,0
GFblksovaPYLI5XeC8RU,18,0,0,0,0,0
gfJpq3sVhzbLdNjWC16Z,12,0,0,0,0,0
gfrQ2UK3LFvRCMEop0Yq,5,0,0,0,0,0
GFVUryQSjKEPM5pqs9h2,6,0,0,0,0,0
GgmARFo3WxUZ0KzuCM15,18,0,0,0,0,0
gHPbaK69RwpGA7nFtuvU,0,0,0,0,0,0
ghTfdVis0eRN3S1DEJFX,4,0,0,0,0,0
gHUeRsYtFl4BaX7So8W0,13,0,0,0,0,0
gihQaFE1TSuWw3BCcAt8,43,0,0,0,0,0
gIONM8E513LYstAjyzWl,6,0,0,0,0,0
gitPaXxIMeKOZRTW2k34,10,0,0,0,0,0
giVwn8ERCZrvfSIGFmaK,10,0,0,0,0,0
gIzJEByY4vpkSQcZPH2C,12,0,0,0,0,0
gJspjOHk7zXSGMB2Y5Tm,21,3,0,0,0,0
GK590Jem3FA1kspq7PoO,8,0,0,0,0,0
GkfbZrRKmgFxq0Bypazh,15,0,0,0,0,0
gKvtaoZ7Lkl1V6yxq3Fc,13,0,0,0,0,0
GlBR2jy6Nx1HUEag5ISm,15,0,0,0,0,0
GlduQtUf3I1hAWYwyFLs,18,0,0,0,0,0
GLrQbRUluV0qzahkDEms,0,0,0,0,0,0
GltvVHPJ9eLNj48a5CBR,15,0,0,0,0,0
GmEAFpP5ZO0suwaNIeqx,27,0,0,0,0,0
gmFxGQlWUviPhKyAkoeI,3,0,0,0,0,0
GN8ZQjzWfKBYUtH1ehM0,18,0,0,0,0,0
gnKi3qo6WbBSzQs2fRGt,1,0,0,0,0,0
gNOcktmwv3FMZ4TH02EJ,35,0,0,0,0,0
gNQ3UDOX98dJqLmxvuSc,26,0,0,0,0,0
GNx5o9mIsTV3SUkeJFgP,4,0,0,0,0,0
gO0h7udtqs4yaXNQAUPM,95,5,4,0,0,0
GOCxdg4XrQYsZvKf2eNP,14,0,0,0,0,0
GOEKlWF9DoZ7Y13rJ8ia,24,0,0,0,0,0
GOPRE6b1ypHhFWoAVgKC,129,7,2,0,0,0
GP9MBktKncadV1gF7N25,3,0,0,0,0,0
GPAypQZ0LH7rD1safnMI,18,0,0,0,0,0
GpdqLhNUiH9tZn5zxTEg,4,0,0,0,0,0
gq9cv7lPXyzBDsY8SfVe,0,0,0,0,0,0
gQmxCDohy6pJUcSXrFPW,19,0,0,0,0,0
GQPk9p1ZEICdOTcxlH5W,37,0,0,0,0,0
gquE91nRUy3XjiOdBfhW,18,0,0,0,0,0
grOUwuRlHBySvhJF0nLP,12,0,0,0,0,0
gsHjJZv1AGPzeofaBqVY,4,0,0,0,0,0
GsMCWkKc5LE3PxYhUFnt,21,0,0,0,0,0
gtfUJnxsp1hbBlmeSiL9,4,0,0,0,0,0
gtiofz9cBwuYCHjyJTdK,26,0,0,0,0,0
gUSm1WN6PBYQabnrLs7h,4,0,0,0,0,0
GV7WShk4vjpiKqbEBgsr,3,0,0,0,0,0
GWOV07nzb1Lasfh3wYep,15,0,0,0,0,0
GWUj9COuPeVEqM7TmlKs,12,0,0,0,0,0
GwusdVTRkYeZOaAgcpHm,18,0,0,0,0,0
GxcE1XCeU35zwFIy0ALN,4,0,0,0,0,0
GXFP0dYvns5NoQtIBECf,3,0,0,0,0,0
GxK7nfY1mOrBNDepqWj6,3,0,0,0,0,0
gybTWSU3EjBGpCVI1JA4,110,0,0,0,0,0
Gycu1WC5mE6BzMl2ArD7,34,2,0,0,0,0
GZJ3hp4v8AzVB6imf1Il,4,0,0,0,0,0
GzjL73seI0uAmZVyYtnw,10,0,0,0,0,0
H0MWhBng75iZPVOTNdas,5,0,0,0,0,0
h0VaLmr69gdOiyRwStZQ,12,0,0,0,0,0
h13m9RvHr5FdnYkiS2yL,12,0,0,0,0,0
h1A0cfYFC7vrnDRxNXHa,26,0,0,0,0,0
h1gS8bA0I3xJoX5zVZ7U,4,0,0,0,0,0
h58VsWF3CjNwgxZenm7l,15,0,0,0,0,0
H5QR3qYhCvUI6px1oaEV,0,0,0,0,0,0
h5ZBNR8Ag9YMIdk0Plt4,14,0,0,0,0,0
h6O5H92YWwJ7r1pRELge,10,0,0,0,0,0
H75RL96JxmMEfBvbe2jk,21,0,0,0,0,0
H7CpUha5E4m9YzjxD0Z1,10,0,0,0,0,0
H7tCOwf5rzSluXiGsx8W,30,0,0,0,0,0
H7Z6WfoCrxzSjMVd04Dy,11,0,0,0,0,0
h8VyAJq3RfgoQIciCT9u,13,0,0,0,0,0
h8wnNSFs62cI7axUq0iK,33,0,0,0,0,0
H9tYbAiz7dZ0WsM6PEm1,4,0,0,0,0,0
haMeQO6Y4A93ipELGwXF,6,0,0,0,0,0
haOqi2LncMP9VATIrBFZ,15,0,0,0,0,0
HatR5OEDxJYmzrQqCjAl,12,0,0,0,0,0
HaviCoRtOlz4spd1Qx36,12,0,0,0,0,0
HaxgVnrql4bk7FEot9Sm,34,0,0,0,0,0
Hbpnmseqw4hRxokOElPU,12,0,0,0,0,0
hbT9ltVRQjau5nNFYpHM,25,0,0,0,0,0
hC4p1vnRPZlyMtsFVrqe,15,0,0,0,0,0
HCbgVZFI580OxptuS7sm,13,0,0,0,0,0
hCozU2T0mep6nNkABStf,65,0,0,0,0,0
hcug1H8Rw6ZJ2sOITmnG,24,0,0,0,0,0
hd13cetC4NLr7TpAYxui,0,0,0,0,0,0
Hd2RSo5Vklez7KAWpaF1,18,0,0,0,0,0
hDkmuNtMpaExYj2VFd36,8,0,0,0,0,0
hdmGkzIWx89uo1T6PCXY,12,0,0,0,0,0
HeSRou1ZPv5rNK2Wnzmx,4,0,0,0,0,0
Hf2WOklmDrv5G6cEba7h,14,0,0,0,0,0
Hfo6yVm1zvZaYlTeG59b,18,0,0,0,0,0
HfX6SvZPi5ImYgh2RkBW,44,0,0,0,0,0
hgjwNAdHsBlEU3QZLbWC,21,3,0,0,0,0
hHnpTaPYU4StmeC6yNxr,0,0,0,0,0,0
hIkK1vBdj9fDJPcUWzA8,15,0,0,0,0,0
hjdkwfeHXnWoUsJPY2y3,15,0,0,0,0,0
HjgSxn8pJ2ITBsmohaLr,4,0,0,0,0,0
HjhNmc60tkrMRQZ7Po98,15,0,0,0,0,0
HJt1Mc578nYFBDdKNkVu,12,0,0,0,0,0
Hks26SvPR94LVbTMGIDW,12,0,0,0,0,0
HlukEnBqpOFY4yLPUtDe,12,0,0,0,0,0
hnGHbT23JFgl9ORqPKuk,3,0,0,0,0,0
hNKoiFSWrHegX5pnvfRA,4,0,0,0,0,0
Hos7LWmZR926VO5Kcgpd,36,0,0,0,0,0
Hostb5jC4vASg0GupIZl,30,0,0,0,0,0
hOtXLq9on7svPe4NTpAd,12,0,0,0,0,0
HOxsvV5gKWhCm9FqDb1r,18,0,0,0,0,0
hP6lGov9R0eVci5QyuYS,12,0,0,0,0,0
HPgEAKLnivQmBkXh6jFc,8,0,0,0,0,0
HpMdj30s7EDPkiFLWvYy,0,0,0,0,0,0
HqX48iTlfj6goR3JFWwG,15,0,0,0,0,0
HQZY7q3BvjlrANFkcxT8,4,0,0,0,0,0
HSAm6wFQNzyb4GvscWoY,20,0,0,0,0,0
hsbekymnY8oqAfL3Pr0O,110,0,0,0,0,0
hSNv2TgwqX0Ip3HnVFEj,11,0,0,0,0,0
hSzLbFyUMc7Z2NCAd4EV,56,0,2,0,0,0
HT1oyBYIg87K2kPuaqEZ,20,0,0,0,0,0
hTOJKwgGvBxb3dS8e9cn,12,0,0,0,0,0
hTvkHcPfw8pLuUA2S53z,12,0,0,0,0,0
Htw4uoGKsN37Dne5ivEP,12,0,0,0,0,0
hvrK1mqLoOAniPVSXbQg,8,0,0,0,0,0
HWhSIz2mFVokMc4E7CaQ,12,0,0,0,0,0
hxJ5t2iHX7auyMUEQ1Tg,12,0,0,0,0,0
HyITQWvZXan3zBoDpCA0,12,0,0,0,0,0
HYXoC7FRisqWgwP0EjLK,10,0,0,0,0,0
hZfoeEcsTJRnNLlF5wG0,28,0,0,0,0,0
hzH5vLburkG8simTIaeq,12,0,0,0,0,0
hzrQCyf6qP72XZjATuBw,47,0,0,0,0,0
I0aTJkCwgMY8P6h9vWSt,18,0,0,0,0,0
i0JrWpyNfu5vV9tzahSY,6,0,0,0,0,0
I1eauWn7x5lPLR2rQoF8,21,0,0,0,0,0
i1OyRUG9mCvIZYD6olNT,0,0,0,0,0,0
i2LJZ9r8EQXCk04I1GUe,4,0,0,0,0,0
I2QaRs1y4TmZVLwWCPv7,35,0,0,0,0,0
I3zcG1EdgynLPstV7bHQ,12,0,0,0,0,0
i4f81CyIkZtEprWaOVRS,0,0,0,0,0,0
I4nGjE570138M6hqXbmA,4,0,0,0,0,0
I5nFDOpfAxyK3CStBieU,17,0,0,0,0,0
i6GulvUznIrgyAjRE4YW,4,0,0,0,0,0
I6pNbzORLrq8uG0cCJPi,4,0,0,0,0,0
i7pqWygtZDQLmHX9h3lx,19,0,0,0,0,0
i89kvPU0R3EXQ1lZhyxY,18,0,0,0,0,0
i94Kjy8WADbQIuNOktdR,41,0,0,0,0,0
iaHNVLkKABMznmxDWFZ5,3,0,0,0,0,0
Ib5eiMc7tNOUylwFBLvx,14,0,0,0,0,0
ibDT9XVyqJNrcztvEHgF,4,0,0,0,0,0
iBIGzWL1AFKxqUrjo0Sg,12,0,0,0,0,0
iBNlQ3bYzKr7R6DCXp2F,20,0,0,0,0,0
iBz3MaqYb0PplxDhgTCN,3,0,0,0,0,0
iCN4jl26qfaQxTAe5Jzh,4,0,0,0,0,0
iDHxeowbV73huM1G9OLj,12,0,0,0,0,0
iEDwlh1scqnJ4aeRTbQ7,13,0,0,0,0,0
IehXbMUBZRNgHu3pvAm0,12,0,0,0,0,0
ieI35JrWTM0KhHE1glbG,10,0,0,0,0,0
iEQqVxmbcTeIASF5fBjK,71,0,2,0,0,0
ieywoN1csjbd48IgVlqM,76,0,0,0,0,0
iFG7jwNOmPvgckQVdf0p,24,0,0,0,0,0
IFRGbmc7WwDiHNtvC1pU,21,0,0,0,0,0
IftFXWmh7B5Alnxy4DbJ,12,0,0,0,0,0
Ig9ZEaGmMrT1lHJhRPQx,8,0,0,0,0,0
IgAUSCnimJ8erwFljDP4,10,0,0,0,0,0
igyFEdlJtGwk8uT2rnNV,6,0,0,0,0,0
IH0aSRoevUGE3k9FDhJA,1,0,0,0,0,0
ihbKdvnE3kJf0oTz8s9q,8,0,0,0,0,0
IhL9pebrmGl71FXCkyQo,12,0,0,0,0,0
ihT109rSABLfdRNxvMGW,1,0,0,0,0,0
ijsudn60LwGlgaIJYV5S,12,0,0,0,0,0
iK9ovZhBJCDH0T34dtI5,10,0,0,0,0,0
iKQcpTlzFkgrb7RJyjDs,0,0,0,0,0,0
iLBzkjmPncOKs7f4FDv3,4,0,0,0,0,0
ILTHy6snFQiapuxbXS7R,0,0,0,0,0,0
IlXfyiMdJ3wSO4LNbKCA,28,0,0,0,0,0
IMDytugVJLdx1jbRkCwH,12,0,0,0,0,0
IMHkwmYq9OQJ7iVzByE5,4,0,0,0,0,0
imqELVF2Hf3ZG1tgBAov,45,0,0,0,0,0
iOj4fAeuRb92FNIzQoDt,4,0,0,0,0,0
IphOGU7e9aVLo1s8XkC2,12,0,0,0,0,0
IPpdskJlaGev2MYSXnC0,46,1,0,0,0,0
iPqeOav3fHD2VJrt9GoE,24,3,0,0,0,0
IQzsyO5M0t2PSqCuT3h8,12,0,0,0,0,0
IR9gtO0weU7DWVqhJryu,12,0,0,0,0,0
ira26FLCvbOlw4jy1mB0,12,0,0,0,0,0
IrkaJzo10g5Vl82vHLf4,5,0,0,0,0,0
IRvabWSMkDe8pxXVLOrh,15,0,0,0,0,0
IS5gEHZFc0xpPj86N72D,1,0,0,0,0,0
iSDOzmncxkoV39KgPQLy,12,0,0,0,0,0
ISEbDYCrtqnGOPg3Qdzh,47,0,0,0,0,0
istyYHpm3WofMQLX0KBq,9,0,0,0,0,0
IT8nb7MvO5QZptGjNasH,5,0,0,0,0,0
IThBzvVbMReu248oK3UJ,4,0,0,0,0,0
itKaznkWYBjsPd2obgJq,10,0,0,0,0,0
ITPGq9AXn4EZKmYeFpuB,10,0,0,0,0,0
ITuyGmaJlwE1Yfd6UZLO,14,0,0,0,0,0
iu1ljDsWoZzIU8GOdNmA,12,0,0,0,0,0
IuDWhwfPcYTK3LBovO5d,1,0,0,0,0,0
IUSuf2hBaRG8yrNJqDHz,0,0,0,0,0,0
IVk2Scu69wdmQ7tEO8rY,0,0,0,0,0,0
iVR4woCP02d89KLaXTm3,24,3,0,0,0,0
ivrudVW0BGmSOlbqH6MY,4,0,0,0,0,0
IweQoKz4HxGc8mAETNpM,15,0,0,0,0,0
iWScf1VBXaT78d5qDJFY,11,0,0,0,0,0
IWwBaxyoTQbklN6CDG3h,27,0,0,0,0,0
ixEDUaglAT6ZwM0FGCSu,8,0,0,0,0,0
IxVpXTyfqWoj8ri7sMSc,3,0,0,0,0,0
IYACa9WBVQESgJTDtfXh,10,0,0,0,0,0
IYFTBN6LCn7SEQgbPOaU,12,0,0,0,0,0
Iyjk3mOQfLnRTSqzdCJ1,4,0,0,0,0,0
IyjtB6DFWvnTYw1E934Q,4,0,0,0,0,0
iYM4CwymksIGXDHt7uAT,5,0,0,0,0,0
iz2uT5qrtRNcM3IJjAhb,26,0,0,0,0,0
izRtJ6ELUuCPWAxB9ZOs,15,0,0,0,0,0
izS2yBV3Z4nKch5OmAuo,6,1,0,0,0,0
j04fOHCJNI2TkB3lPVyv,4,0,0,0,0,0
J0fY3O5lUmuNqVPBDRKn,6,0,0,0,0,0
J1LCS4Foa2jbAOYGWQhz,27,0,0,0,0,0
j1lGIRFzMHXnVPZ8DQBg,3,0,0,0,0,0
J1OuMlSZboYIRXC03jQD,10,0,0,0,0,0
j1wqtQ9vlpxD5LMr34aG,9,0,0,0,0,0
j2gBF09pxTcfIPy4kwJH,0,0,0,0,0,0
j2IBarGQysHh3Cfz6M8i,91,3,2,0,0,0
j3tdbX6HDPxA7ZkBUpvG,0,0,0,0,0,0
j3thgSImoFBZAPsrpaqT,0,0,0,0,0,0
J51yVcCbx9LDM6ZlS4Ud,9,0,0,0,0,0
j6gIME8eK4T1mn9PFqhb,13,0,0,0,0,0
j6msrVaoBEJ8cWxgZeAH,27,0,0,0,0,0
J8BlM3NXxq4LzIsrGVPD,8,0,0,0,0,0
J8EvIQbVSYOXxKC4wgd5,17,0,0,0,0,0
J8pdGbHyWis9ToawOIMA,0,0,0,0,0,0
J9vHglnKXhiYD4716GWy,10,0,0,0,0,0
jAcaJU6eHy14LPGbnDmT,7,1,0,0,0,0
JaQjr806qALIHS2MDZyf,65,0,0,0,0,0
JaxoikOjnRvIHFAzBMUD,18,3,0,0,0,0
JBEzM0ZsuWaDt8bLypPv,8,0,0,0,0,0
JBhPuigxYtENMs4yToa1,10,0,0,0,0,0
JbpXH0NYnFwIrzd2fAoW,10,0,0,0,0,0
jBRENK34v8VzuSOUQIFJ,10,0,0,0,0,0
jBuKaDNdCeyWLkElmpSo,12,0,0,0,0,0
jBXul1FAgEcKxO9ZYCDU,0,0,0,0,0,0
JbzyqeI9ThRA4LWQN823,0,0,0,0,0,0
jcH6s8DNVoleU3d9tiZL,9,0,0,0,0,0
jCrTVsM6f9SOmRP8p14i,4,0,0,0,0,0
jDJ2lpYeC6OLvPqWGIsa,4,0,0,0,0,0
jdqclF2YAsm4LJwZUxPN,12,0,0,0,0,0
je4HWtx9M5ySpPBO0wgf,3,0,0,0,0,0
jERVLnaTwhHFrZbvNfCy,0,0,0,0,0,0
JEULek2arB86vPXS0lDW,27,0,0,0,0,0
jf1ACezG8V546aklihHu,12,0,0,0,0,0
jF8Qxdo3MyVEc9l6O2B1,10,0,0,0,0,0
JflvaIrSi4x0wkjZVN59,10,0,0,0,0,0
jfn98b4a1ErPWx3thgCN,4,0,0,0,0,0
jfoOKUzAhdHWvuLeJxCN,4,0,0,0,0,0
JgoL72E0WlXhmFHD5cxp,15,0,0,0,0,0
JGpFMd5bZlkQ18fxNcwn,24,0,0,0,0,0
jHEwUGnCVyvB8oguAseJ,9,0,0,0,0,0
JhSGQb9mvEYIXVd0z8U2,10,0,0,0,0,0
jIu3J4ovLPUOA6ngmyfw,4,0,0,0,0,0
JIZ5Dg8xYLrfBPUeclHs,15,3,0,0,0,0
jldp5PK6gw1O9t0o7svm,7,0,0,0,0,0
jlOU12YZu5dLceTICW6K,4,0,0,0,0,0
jM2ezG5TVpPDmlEBZN7b,10,0,0,0,0,0
jmPeQlFEcqyRuVwrJTvp,4,0,0,0,0,0
jmvJqEQ1VNh3ukH6cIRK,6,0,0,0,0,0
JNGf3qzH2oLvBXDSM6Fp,7,0,0,0,0,0
JO58MAdl0WiuFk9zhspH,47,0,0,0,0,0
jOPwcHh7kyFaB4Yv8SMU,21,3,0,0,0,0
jOTtmr8uJvclSIBf1xHo,16,0,0,0,0,0
jpdhY15v8mkeftGiF4VA,9,0,0,0,0,0
jPwdh0NtUaR9T4MIWcuE,4,0,0,0,0,0
jpzob9ECS6aLQDiYWTkV,12,0,0,0,0,0
JQ7wRLlnb6WqEkd28mgF,44,0,0,0,0,0
JqMnmvEYlKVfw90W6btB,28,0,0,0,0,0
jQqeMNUahpkbZI18c49o,6,0,0,0,0,0
JrFfspKABcSqx2zmTnCg,30,0,0,0,0,0
jrg4n6P8cIGoSBXyWAtp,0,0,0,0,0,0
js068WDIg1hXYHKPriod,4,0,0,0,0,0
jSbcLy3rlkYhEd927p0P,12,0,0,0,0,0
jSMI8XxFJhHAWa15GozR,15,0,0,0,0,0
JSYQ5GPfsFt8H0VRDdZv,10,0,0,0,0,0
Jt3kj7AHvPdRfL6yCh2n,19,0,0,0,0,0
JTAoQ9miHalVeE63PdBU,4,0,0,0,0,0
jtbI230ofwYMxRuFdpzX,12,0,0,0,0,0
ju23GQl4DYFVeNwc85ka,37,0,0,0,0,0
Ju4nWgOCHXBlyZmTo51e,0,0,0,0,0,0
JufSg9mpGi1dVZ0C7zWA,18,0,0,0,0,0
juGVt8nSNeo7OJr2p0md,9,0,0,0,0,0
jUK5O9P6bJSAiMD0ofQy,42,0,0,0,0,0
JUKui8IlmdXj7DVLn56e,9,0,0,0,0,0
jULaFyfMxw9nPWX6uK12,15,0,0,0,0,0
JunATHDXOfYZFlRpahV1,22,0,0,0,0,0
JUO3pfywZnC4e9xHLBMA,22,0,0,0,0,0
JUr6yTFW3ExqApBt5S2z,12,0,0,0,0,0
JV6Qew1hoIUYF7uiCz4L,0,0,0,0,0,0
jVEk2G0fyQUiNWbxAzch,21,0,0,0,0,0
JvHA2RcsbZqDQ5ETtog3,3,0,0,0,0,0
JVPnwpfeExcNDt2ZTAQm,15,0,0,0,0,0
JVSdyxfAB2Y3KT4ZihCk,18,0,0,0,0,0
JW5KOAExTVe2qH3kM4SD,14,0,0,0,0,0
jwJRB9KOeGsc4ME7WXuy,23,0,0,0,0,0
JwXPAuRDQva5FYe8t30z,12,0,0,0,0,0
jwzRSkGXbLEaZMsguQc3,32,0,0,0,0,0
JWZspDnaHodqzRly0fMg,4,0,0,0,0,0
JXbBkuvnYF1tCANOlZy6,14,0,0,0,0,0
jxgaANiB20rR4UuSveCs,3,0,1,0,0,0
JxGT97ynUebwfFQZvdu6,4,0,0,0,0,0
jy6vK4hB8Z2eYMFXdkbP,35,0,0,0,0,0
JyABO1D3n0kxMLIWq25g,10,0,0,0,0,0
JYEvhBDFS2aNocqUwkMb,4,0,0,0,0,0
jynSzuQrYfI7eGHWKmPZ,4,0,0,0,0,0
JySEQsbmRtqxuN2D5IYO,41,0,0,0,0,0
jYWpNLrtc2ns0kMizPgX,4,0,0,0,0,0
JzF18ftmDC3VOLnIAhWP,4,0,0,0,0,0
JzTXaNDCqKGuiEvrHOYS,46,0,0,0,0,0
jzWGYQn7q2fuCKNcUpAx,8,0,0,0,0,0
JZxp9mEVqv81h4s2YkCD,31,0,0,0,0,0
K17ifkYqXgNOHav8uzCL,23,0,0,0,0,0
k1fUSL4R0yqnAoEdQvlD,15,0,0,0,0,0
k2dfrliR13sGtuCTc4B7,4,0,0,0,0,0
k2mxrqNg1JzRiVsIbytQ,24,0,0,0,0,0
k2uRGpoUItiWrTga9ysQ,0,0,0,0,0,0
K3BiLDx5eFqoG2tETujV,28,0,0,0,0,0
k3Gv04b1HUEMmrPCJAct,51,0,0,0,0,0
K47QO8LZycVNdTRu2F0P,4,0,0,0,0,0
K4hfUQFEiTBqIPauRYdp,13,0,0,0,0,0
K4jGPJV6DUu7Xq1eFdrB,24,0,0,0,0,0
k7Xf4A2MhsF9jgiD1UGE,4,0,0,0,0,0
k8qrhNTAG54fSl6jDtVa,21,0,0,0,0,0
K9kNdLS83clsP0wDFObZ,0,0,0,0,0,0
k9Vp4RQczHiGXIJ10qMf,4,0,0,0,0,0
KAGfZUyown7ieqDOgBYr,6,0,0,0,0,0
kAQCMqUNsZDoribmvw84,0,0,0,0,0,0
KAVHCXZWDib1zxPOqINJ,3,0,0,0,0,0
KBvLr7Tk8OuoySgdA6eY,10,0,0,0,0,0
kcAwuM18pnvfbgIos570,10,0,0,0,0,0
KcfgCTNF3aMdqJ0jyWSG,10,0,0,0,0,0
kczYF5vSxW3ZrilfJesd,3,0,0,0,0,0
kDyOh6d8WQNTEoxJYUg1,4,0,0,0,0,0
kdzj2p0qHin4fMBCaPF5,0,0,0,0,0,0
kei4pRX9ENQaKFsLcOU1,3,0,0,0,0,0
kflLjmJz8FGsprySOqoX,4,0,0,0,0,0
kg24YRJTB8DNdKMXpwOH,21,3,0,0,0,0
kG29BLiFYPgWtpb350sO,18,0,0,0,0,0
kGf3NUtFcq2wCSD0Yeuz,24,0,0,0,0,0
kgfPdjYxa5GtleWVrvEM,4,0,0,0,0,0
kGITL4OJxYMWEQ1bKBiP,29,0,0,0,0,0
KGTOj6HAvNqWUcP27bCf,14,0,0,0,0,0
KHmRYShqZacoQEOJx862,9,0,0,0,0,0
KHtk3pyb0qUlQr9hJda6,4,0,0,0,0,0
Ki1pYrmszFSjuWUvHIqk,0,0,0,0,0,0
ki3Fo5dh6yWAqOCBrEXP,4,0,0,0,0,0
KIMkclhHJbdsR5218rzq,5,0,0,0,0,0
kIpOXia5GrTjeNzV9K13,4,0,0,0,0,0
kjn4yXdo0iLCmZ9GugOV,0,0,0,0,0,0
kl6Lw0U7WYT2biJXhP3y,6,0,0,0,0,0
kLMHFv8hXS0atbDf7nGY,18,0,0,0,0,0
KM7grcA6yBk1J0CmaWiP,22,0,0,0,0,0
KMAcej7qgX5u9RbTUZ0x,3,0,0,0,0,0
kMAlu9InmCyvPpEDL46i,41,0,0,0,0,0
kMdOa9cZ3jw8GUFu52Tq,4,0,0,0,0,0
kMDrx5LS2P864CIwNiVs,4,0,0,0,0,0
kMJ8PQiEqdOx1wmF4cKI,4,0,0,0,0,0
KNlAmtEIizBU7X5H1PwQ,10,0,0,0,0,0
KNP2ROq6J8YEcmyrtSjV,9,0,0,0,0,0
KqEgONxfHdP5lLaBIGQk,27,0,0,0,0,0
kqiOdVbRQlB2s907GLMv,4,0,0,0,0,0
KQwj9O6dlPxNyf8zW0gp,13,0,0,0,0,0
ksTyZ4jN21lBiC9UYOGe,47,0,0,0,0,0
KWg8T3NOYaQBF0tMqLm5,4,0,0,0,0,0
l06yuHvrqdzTo8CQeAO5,0,0,0,0,0,0
L0xnGubfYwOPpQAgVNvo,4,0,0,0,0,0
L1o7HeFKzONsb3JvRy82,4,0,0,0,0,0
l1OdNtIKM8Gi6jowZHg3,4,0,0,0,0,0
L1OGj5BEh2drf0Wtiu9N,4,0,0,0,0,0
L2QwdUyG0HISDVk8rcsE,10,0,0,0,0,0
l387nbiI4TU9LNMQt1Fe,3,0,0,0,0,0
l5zY6vNZbOKF07uSn2Am,0,0,0,0,0,0
lBuYeZUbtHQVsh7Tn2NJ,0,0,0,0,0,0
lcqv9STBAX20houtQnR3,0,0,0,0,0,0
ldNfaCpceLnGUE0rPzqF,0,0,0,0,0,0
LfVY3tPrRZHGQ2SdJm5x,0,0,0,0,0,0
LH5pzdDSPOtgIaBC1jWo,0,0,0,0,0,0
ljFT1KeZmEiHxhuRbrcd,3,0,0,0,0,0
ljuryB4bfagHqV5FM9Ae,6,0,0,0,0,0
loIP1tiwELF9YNZQjSUO,6,0,0,0,0,0
lS0IVqXeJrN6Dzi9Pap1,0,0,0,0,0,0
